libelle_geographique;code_geographique;region;departement;epci;actifs_occupes_15_ans_ou_plus_en_2018_princ;salaries_15_ans_ou_plus_en_2018_princ;non_salaries_15_ans_ou_plus_en_2018_princ;actifs_occ_15_ans_ou_plus_tp_en_2018_princ;salaries_15_ans_ou_plus_tp_en_2018_princ;salaries_15_ans_ou_plus_tp_hommes_en_2018_princ;salaries_15_ans_ou_plus_tp_femmes_en_2018_princ;non_salaries_15_ans_ou_plus_tp_en_2018_princ;actifs_occupes_15_ans_ou_plus_hommes_en_2018_princ;salaries_15_ans_ou_plus_hommes_en_2018_princ;salaries_15_ans_ou_plus_hommes_fonct_publ_cdi_en_2018_princ;salaries_15_ans_ou_plus_hommes_cdd_en_2018_princ;salaries_15_ans_ou_plus_hommes_interim_en_2018_princ;salaries_15_ans_ou_plus_hommes_emplois_aides_en_2018_princ;salaries_15_ans_ou_plus_hommes_apprentissage_stage_en_2018_princ;non_salaries_15_ans_ou_plus_hommes_en_2018_princ;non_salaries_15_ans_ou_plus_hommes_independants_en_2018_princ;non_salaries_15_ans_ou_plus_hommes_employeurs_en_2018_princ;non_salaries_15_ans_ou_plus_hommes_aides_familiaux_en_2018_princ;actifs_occupes_15_ans_ou_plus_femmes_en_2018_princ;salaries_15_ans_ou_plus_femmes_en_2018_princ;salaries_15_ans_ou_plus_femmes_fonct_publ_cdi_en_2018_princ;salaries_15_ans_ou_plus_femmes_cdd_en_2018_princ;salaries_15_ans_ou_plus_femmes_interim_en_2018_princ;salaries_15_ans_ou_plus_femmes_emplois_aides_en_2018_princ;salaries_15_ans_ou_plus_femmes_apprentissage_stage_en_2018_princ;non_salaries_15_ans_ou_plus_femmes_en_2018_princ;non_salaries_15_ans_ou_plus_femmes_independantes_en_2018_princ;non_salaries_15_ans_ou_plus_femmes_employeurs_en_2018_princ;non_salaries_15_ans_ou_plus_femmes_aides_familiales_en_2018_princ;salaries_15_64_ans_hommes_en_2018_princ;salaries_15_24_ans_hommes_en_2018_princ;salaries_25_54_ans_hommes_en_2018_princ;salaries_55_64_ans_hommes_en_2018_princ;salaries_15_64_ans_hommes_tp_en_2018_princ;salaries_15_24_ans_hommes_tp_en_2018_princ;salaries_25_54_ans_hommes_tp_en_2018_princ;salaries_55_64_ans_hommes_tp_en_2018_princ;salaries_15_64_ans_femmes_en_2018_princ;salaries_15_24_ans_femmes_en_2018_princ;salaries_25_54_ans_femmes_en_2018_princ;salaries_55_64_ans_femmes_en_2018_princ;salaries_15_64_ans_femmes_tp_en_2018_princ;salaries_15_24_ans_femmes_tp_en_2018_princ;salaries_25_54_ans_femmes_tp_en_2018_princ;salaries_55_64_ans_femmes_tp_en_2018_princ;actifs_occ_15_ans_ou_plus_travaillent_commune_residence_en_2018_princ;actifs_occ_15_ans_ou_plus_travaillent_autre_commune_que_commune_residence_en_2018_princ;actifs_occ_15_ans_ou_plus_travaillent_autre_commune_meme_dept_residence_en_2018_princ;actifs_occ_15_ans_ou_plus_travaillent_autre_dept_meme_region_residence_en_2018_princ;actifs_occ_15_ans_ou_plus_travaillent_autre_region_en_metropole_en_2018_princ;actifs_occ_15_ans_ou_plus_travaillent_autre_region_hors_metropole_en_2018_princ;actifs_occ_15_ans_ou_plus_pas_de_transport_pour_travail_en_2018_princ;actifs_occ_15_ans_ou_plus_marche_a_pied_pour_travail_en_2018_princ;actifs_occ_15_ans_ou_plus_velo_en_2018_princ;actifs_occ_15_ans_ou_plus_deux_roues_motorise_en_2018_princ;actifs_occ_15_ans_ou_plus_voiture_en_2018_princ;actifs_occ_15_ans_ou_plus_transport_en_commun_en_2018_princ;salaries_15_ans_ou_plus_fonct_publ_cdi_en_2018_princ;salaries_15_ans_ou_plus_cdd_en_2018_princ;salaries_15_ans_ou_plus_interim_en_2018_princ;salaries_15_ans_ou_plus_emplois_aides_en_2018_princ;salaries_15_ans_ou_plus_apprentissage_stage_en_2018_princ;non_salaries_15_ans_ou_plus_independants_en_2018_princ;non_salaries_15_ans_ou_plus_employeurs_en_2018_princ;non_salaries_15_ans_ou_plus_aides_familiaux_en_2018_princ
Allauch;13002;93;13;Métropole Aix-Marseille-Provence;9015.35033155187;7530.04315365038;1485.30717790149;1241.22105735763;1083.43336509462;275.852627855552;807.580737239066;157.787692263015;4546.40290590218;3618.28495727428;3184.46101049106;213.777434562346;34.7262415407363;6.08942593242058;179.230844747719;928.117948627893;486.031844370275;442.086104257618;0.0;4468.9474256497;3911.7581963761;3516.65448026644;250.500011463398;23.1786014694834;41.9536809048619;79.4714222719164;557.189229273598;396.476925110175;153.586985221837;7.12531894158532;3580.1512669364;359.747271517357;2507.00330151231;713.400693906727;253.000271731681;135.111006279217;84.1754829631116;33.7137824893533;3866.33435243106;250.877661145437;2800.29169430514;815.164996980478;792.920091445751;73.828308399396;557.111276169819;161.980506876536;1836.47409168983;7178.87623986204;6881.99455083415;119.336508792652;158.815171874714;18.730008360529;163.72070561583;169.144660547471;45.1913789171998;550.181337265524;7234.65455704256;852.457692163289;6701.1154907575;464.277446025744;57.90484301021969;48.04310683728248;258.7022670196354;882.5087694804499;595.673089479455;7.12531894158532
Aubagne;13005;93;13;Métropole Aix-Marseille-Provence;18219.0616256506;16117.0749446923;2101.98668095832;3044.32132892451;2755.91604057304;659.116092572516;2096.79994800053;288.405288351463;9446.58981339204;8161.22790748854;6686.19232515079;1037.29700945325;208.025662441145;55.1677503307051;174.545160112646;1285.3619059035;704.539115880368;575.748806261687;5.0739837614461;8772.4718122586;7955.84703720379;6662.80884589509;883.429634275199;118.507742150059;115.726431735534;175.374383147903;816.624775054817;597.289579874575;201.131665101595;18.2035300786469;8079.78135605604;846.00745492158;6259.70411257759;974.069788556867;639.411805236165;172.791024608264;376.522383178278;90.0983974496226;7868.24369117497;654.405937444987;5954.78980804519;1259.04794568479;2045.96085518965;240.899172597824;1439.98116406462;365.08051852721;8757.58155765542;9461.48006799522;8824.21316001885;400.078251538695;211.420298612627;25.7683578250502;703.132624339159;1197.26914737536;180.780896230099;584.904736612384;12981.3815097095;2571.59271138411;13349.001171045878;1920.7266437284488;326.533404591204;170.8941820662391;349.91954326054895;1301.828695754943;776.880471363282;23.277513840093
Berre-l'Étang;13014;93;13;Métropole Aix-Marseille-Provence;5100.80787776731;4624.49531698714;476.312560780169;866.410864294833;821.356932193948;149.679986565233;671.676945628715;45.0539321008849;2766.06639330464;2452.37564402409;1999.3516000358;234.032974942425;160.232817268046;11.1131496894747;47.6451020883487;313.690749280547;160.857413692836;152.833335587712;0.0;2334.74148446267;2172.11967296305;1714.15202178599;334.450674851731;38.9816956593972;42.282457085506;42.2528235804166;162.621811499622;114.068711212772;41.7896896686711;6.76341061817845;2433.39520336685;293.360700347554;1764.56763727012;375.466865749183;144.036037084504;63.7291449725452;69.371477797262;10.935414314697;2145.91172114124;207.982197615768;1636.7691921495;301.16033137597;655.195851232877;82.4539856270948;459.480185065977;113.261680539805;1715.72801054376;3385.07986722355;3252.62249906056;51.4448515726252;78.0304708403121;2.98204575005051;141.47846092456;211.401543413887;71.4010701103496;43.6040955966459;4490.36376012869;142.558947593168;3713.50362182179;568.483649794156;199.2145129274432;53.395606774980706;89.89792566876531;274.926124905608;194.62302525638313;6.76341061817845
La Bouilladisse;13016;93;13;Métropole Aix-Marseille-Provence;2550.0;2124.0;426.0;439.0;385.0;70.0;315.0;54.0;1304.0;1035.0;944.0;48.0;10.0;0.0;33.0;269.0;140.0;128.0;1.0;1246.0;1089.0;988.0;83.0;5.0;0.0;13.0;157.0;106.0;50.0;1.0;1024.0;105.0;769.0;150.0;63.0;28.0;26.0;9.0;1080.0;61.0;836.0;183.0;312.0;28.0;237.0;47.0;399.0;2151.0;2053.0;81.0;16.0;1.0;65.0;53.0;4.0;47.0;2296.0;85.0;1932.0;131.0;15.0;0.0;46.0;246.0;178.0;2.0
Cassis;13022;93;13;Métropole Aix-Marseille-Provence;2718.58897428793;1917.73899830906;800.849975978878;478.666723855791;364.698456271079;83.9220879487426;280.776368322336;113.968267584712;1363.43878778341;869.267059123396;767.731693457016;75.6334866698545;7.25252611902714;2.07215031972204;16.5772025577763;494.171728660016;224.828309689841;265.19911833073;4.14430063944408;1355.15018650452;1048.47193918566;918.962544203034;96.3549898670749;5.1803757993051;3.10822547958306;24.8658038366645;306.678247318862;198.926430693316;107.751816625546;0.0;846.473405606453;47.6594573536069;606.103968518697;192.70997973415;73.5613363501324;11.3968267584712;42.4790815543018;19.6854280373594;1008.06500795108;59.0562841120781;692.062084193471;256.946639645533;254.874489325811;18.6493528774984;170.952401377068;65.2727350712443;1206.95531605071;1511.63365823723;1329.28443010169;100.499290506519;68.3809605508273;13.4689770781933;129.437149795246;347.085178553442;11.3968267584712;159.555574618597;1882.54856546747;188.565679094706;1686.69423766005;171.9884765369294;12.43290191833224;5.1803757993051;41.4430063944408;423.754740383157;372.950934956276;4.14430063944408
Cornillon-Confoux;13029;93;13;Métropole Aix-Marseille-Provence;613.815854344236;482.102268064029;131.713586280207;104.741381304908;95.6753010283221;22.0360241694331;73.6392768588889;9.06608027658618;334.385486878905;246.575916714088;219.581530800217;13.0284922006839;9.99098116863327;0.0;3.97491254455434;87.8095701648162;47.9402738460319;39.8692963187844;0.0;279.430367465331;235.52635134994;209.49309254221;17.0274126892108;2.01714644529576;4.01042781204273;2.97827186118086;43.9040161153907;27.0070243489805;16.8969917664102;0.0;239.563634312651;12.8635392655492;181.420126432525;45.279968614577;16.0323149906434;3.92858081658289;7.08444909877881;5.01928507528172;231.491915593925;8.97018967586357;180.220457760937;42.301268157125;71.6221304135932;2.96633932190646;52.5662068209945;16.0895842706922;117.711348602085;496.104505742151;462.025534605105;13.0525001446564;19.04498098975;1.98149000263998;33.8300685119912;12.0317086518867;0.0;4.97155322792783;543.119329048266;19.8631949041645;429.074623342427;30.0559048898947;12.00812761392903;4.01042781204273;6.9531844057352;74.9472981950124;56.7662880851946;0.0
Cuges-les-Pins;13030;93;13;Métropole Aix-Marseille-Provence;2274.79046829125;1961.75368056976;313.036787721485;342.425337057435;314.06251459107;60.7796186329435;253.282895958127;28.3628224663646;1162.16651232634;967.688800966622;867.392620938764;68.8928960274787;18.2387177307168;0.0;13.1645662696627;194.477711359722;108.38650420583;82.0359192509559;4.05528790293636;1112.62395596491;994.064879603143;870.449116535412;92.2003692408644;7.09978485898348;11.1429718612545;13.1726371066281;118.559076361763;78.0142360146184;37.508416011804;3.03642433534039;962.614642354016;80.035860789302;745.680036001065;136.898745563648;60.7796186329435;20.2495557908765;31.4153956106041;9.11466723146292;986.952968840296;66.8672608482122;788.216740374255;131.868967617829;249.219524715443;27.3332150083247;181.309168179445;40.5771415276734;547.117157750777;1727.67331054047;1583.82140683262;123.579490677545;16.2211587561886;4.05125427412032;73.977791381381;82.0695489349727;6.07822684717456;35.4518652517782;1971.8117423887;105.401293487242;1737.8417374741762;161.0932652683431;25.33850258970028;11.1429718612545;26.3372033762908;186.4007402204484;119.5443352627599;7.091712238276751
La Destrousse;13031;93;13;Métropole Aix-Marseille-Provence;1471.77837441467;1259.68469904944;212.093675365231;228.301979417869;191.642530050901;27.9554275937999;163.687102457101;36.6594493669681;753.500918353193;625.413556934102;555.571244888832;37.6357450872334;11.8256771296864;1.07267091267738;19.3082189156732;128.087361419091;75.3243694774169;51.6815434098366;1.08144853183745;718.277456061481;634.271142115341;566.416317237727;47.3906812853388;3.23994784412106;2.16291502031877;15.0612807278348;84.0063139461403;64.6367587799084;19.3695551662319;0.0;622.16921133859;65.5518067220107;465.933635156962;90.6837694596174;25.792530530125;12.8633802710814;8.61647785108068;4.3126724079629;629.93651657192;39.8337343072814;501.493954548193;88.6088277164464;161.519789685391;16.1646108603425;112.933586003396;32.4215928216528;297.11180596068;1174.66656845399;1124.08855167923;37.6577158154142;11.8432501789046;1.07705078044616;36.60708694901;35.5255317678872;4.29946126986959;34.4220765221525;1298.54220917213;62.3820087336206;1121.987562126559;85.0264263725722;15.06562497380746;3.23558593299615;34.369499643508;139.9611282573253;71.0510985760685;1.08144853183745
Éguilles;13032;93;13;Métropole Aix-Marseille-Provence;3455.63602634723;2787.11701682969;668.519009517539;557.197589189306;441.655751016303;95.2564708368252;346.399280179478;115.541838173003;1743.25509674486;1355.32718592591;1202.38983298745;96.2241350933002;19.2385007201496;9.12337553735819;28.351341587649;387.927910818952;205.663187015492;180.236431419461;2.02829238399979;1712.38092960237;1431.78983090378;1275.68471660467;119.66172753465;8.10789532587385;8.10526165393389;20.2302297846546;280.591098698587;191.438084801646;87.1247215129411;2.02829238399979;1341.1132822405;93.1698690790861;1010.58236838952;237.361044771899;87.1300917257529;24.2920819143886;43.578378079991;19.2596317313734;1420.61704552529;86.1359669166678;1082.73987804381;251.741200564808;340.303833990591;41.5079926165115;217.613845186463;81.1819961876162;1324.18272570535;2131.45330064188;1970.41856691312;66.8652417570675;76.9672121521454;17.2022798195464;191.354395089798;128.677156318481;8.12375920742509;73.9761545321215;2917.74031901412;135.764242185284;2478.07454959212;215.8858626279502;27.34639604602345;17.22863719129208;48.5815713723036;397.101271817138;267.3611529324021;4.05658476799958
La Fare-les-Oliviers;13037;93;13;Métropole Aix-Marseille-Provence;3948.0;3518.0;430.0;557.0;503.0;100.0;403.0;54.0;2020.0;1760.0;1588.0;87.0;31.0;5.0;49.0;260.0;143.0;115.0;2.0;1928.0;1758.0;1535.0;160.0;16.0;14.0;33.0;170.0;119.0;49.0;2.0;1751.0;137.0;1398.0;216.0;97.0;40.0;41.0;16.0;1745.0;130.0;1385.0;230.0;397.0;41.0;280.0;76.0;636.0;3312.0;3191.0;60.0;58.0;3.0;99.0;111.0;14.0;56.0;3543.0;125.0;3123.0;247.0;47.0;19.0;82.0;262.0;164.0;4.0
Fos-sur-Mer;13039;93;13;Métropole Aix-Marseille-Provence;6490.29413700551;6038.39321703207;451.900919973433;1075.88060451918;1021.09958496856;166.851974733415;854.24761023514;54.7810195506257;3466.70526706967;3199.15505244916;2706.77034179032;192.007604227659;170.006986178451;22.720960220701;107.649160032022;267.550214620512;134.57052565413;132.979688966382;0.0;3023.58886993583;2839.23816458291;2347.43928200478;320.150972431071;47.2858815308136;33.6087042486773;90.7533243675744;184.350705352921;139.811173813448;41.6771825777794;2.86234896169391;3183.55106686822;388.462658406268;2359.71016107363;435.378247388324;159.359958614648;67.4157720035385;70.2123375812489;21.7318490298606;2813.24128425535;235.206757330163;2137.70060961656;440.33391730862;835.714843278472;113.075225402127;581.181523699291;141.458094177053;3047.4708074559;3442.82332954961;3317.94306517757;33.8252415136147;82.7268942944429;8.32812856398139;117.407934647209;197.05869919884;27.2971174488638;62.7026260322147;5942.70052831965;143.127231358728;5054.2096237951;512.15857665873;217.2928677092646;56.3296644693783;198.4024843995964;274.38169946757796;174.65687154416142;2.86234896169391
Lançon-Provence;13051;93;13;Métropole Aix-Marseille-Provence;4164.80090179343;3558.55844958063;606.242452212797;667.326243156057;581.262460209314;90.8715483159015;490.390911893412;86.0637829467428;2199.57858692549;1839.36286422394;1664.02080995869;79.1370373322135;39.205202405288;7.94389605456624;49.0559184731841;360.215722701552;188.622414304402;170.637578978296;0.955729418852972;1965.22231486794;1719.19558535669;1506.51273391557;138.941011791499;15.9200844033599;32.0774799589778;25.7442752872904;246.026729511245;171.878925990809;70.1455053107262;4.00229820971031;1826.21902822843;139.896714805043;1427.29319117912;259.029122244264;83.8071063494084;23.6953248126434;38.0531465551926;22.0586349815724;1705.94382505289;102.105953358691;1379.27457288544;224.563298808765;486.312320770959;35.7801706044134;370.862964185396;79.6691859811493;957.299080902836;3207.50182089059;3043.79023744934;75.6493420157478;77.0568975700012;11.0053438555027;154.665029724202;89.3559688915677;7.92923849460936;44.99479226805;3711.21417243506;156.641699979943;3170.53354387426;218.0780491237125;55.1252868086479;40.021376013544035;74.8001937604745;360.501340295211;240.7830842890222;4.958027628563282
Meyreuil;13060;93;13;Métropole Aix-Marseille-Provence;2708.0;2226.0;482.0;424.0;361.0;66.0;295.0;63.0;1386.0;1066.0;975.0;46.0;14.0;2.0;29.0;320.0;158.0;161.0;1.0;1322.0;1160.0;1008.0;112.0;12.0;7.0;21.0;162.0;119.0;39.0;4.0;1051.0;72.0;835.0;144.0;55.0;13.0;29.0;13.0;1149.0;93.0;862.0;194.0;290.0;40.0;178.0;72.0;525.0;2183.0;2077.0;57.0;44.0;5.0;86.0;46.0;14.0;41.0;2423.0;98.0;1983.0;158.0;26.0;9.0;50.0;277.0;200.0;5.0
Pélissanne;13069;93;13;Métropole Aix-Marseille-Provence;4444.25879672181;3820.25085739472;624.007939327081;714.496526679247;618.024010135289;116.138425592477;501.885584542812;96.4725165439576;2270.32596018136;1898.32429541019;1708.37916620848;81.6952972414996;36.4113071138903;7.87271505165196;63.9658097946722;372.001664771166;209.626916830844;160.406569177409;1.96817876291299;2173.93283654045;1921.92656198453;1683.77693167206;170.247462991974;24.6022345364124;10.8249831960214;32.4749495880643;252.006274555916;198.865447957265;49.2044690728248;3.93635752582598;1888.48340159562;180.088356806539;1378.70922342055;329.685821368536;110.233889303738;35.4272177324338;42.3158434026293;32.4908281686749;1908.14931064414;129.899798352257;1417.08870929735;361.160802994534;493.028780109704;41.3317540211728;336.558568458121;115.13845763041;842.459903429812;3601.79889329199;3300.66754256631;177.136088662169;114.154368248953;9.84089381456495;150.565675362844;118.090725774779;65.9339885575852;49.2044690728248;3861.67788289956;198.786055054212;3392.15609788054;251.94276023347362;61.0135416503027;18.697698247673358;96.4407593827365;408.492364788109;209.6110382502338;5.904536288738971
Les Pennes-Mirabeau;13071;93;13;Métropole Aix-Marseille-Provence;8779.82045850747;7674.32690109324;1105.49355741422;1334.99114549828;1196.28229152285;251.296107817485;944.986183705365;138.708853975433;4356.91785206052;3666.48687146481;3226.97367403854;195.232584909101;82.367580681679;10.9092573021845;151.003774533308;690.430980595709;375.847740007574;313.630102620745;0.953137967389617;4422.90260644694;4007.84002962843;3594.58948542747;287.397997991001;38.1034416203607;33.2503247132175;54.4987798763775;415.062576818515;304.968987417177;103.77803927617;6.3155501251668;3608.71294730615;361.820172778577;2706.63000394141;540.262770586162;233.853926675132;84.8999169671033;114.82892182156;34.1250878864691;3960.15104446874;264.87061693651;3063.68715434476;631.593273187464;909.151035509017;68.6652086272167;661.95658814755;178.52923873425;1772.00006740405;7007.82039110342;6851.47696683838;66.4752922923501;87.7956588293431;2.07247314334797;202.921874659832;112.876628759191;6.68057720501214;194.295628118299;7940.50049138398;322.545258381153;6821.56315946601;482.630582900102;120.4710223020397;44.159582015402;205.5025544096855;680.816727424751;417.408141896915;7.268688092556417
Peyrolles-en-Provence;13074;93;13;Métropole Aix-Marseille-Provence;2217.83610566314;1940.75391766802;277.082187995115;394.561950824796;357.322001351491;68.3811810942232;288.940820257268;37.2399494733045;1143.91200237594;980.312430980943;865.723363786232;64.3503964701247;17.0289642603098;13.1391262094411;20.0705802548356;163.599571395001;93.348915443042;68.2228438163978;2.02781213556164;1073.92410328719;960.441486687079;827.867849275848;90.4380230769107;7.00595562503475;17.0868889118434;18.0427697974412;113.482616600114;83.389092115835;29.087976056635;1.00554842764373;974.254102506886;87.3054002220562;754.867503930765;132.081198354065;66.3534378519618;19.9633963771945;33.2758170836206;13.1142243911467;954.35805084596;73.3590551808494;726.321845226406;154.677150438705;287.943526695378;32.0881099298918;211.369228359363;44.4861884061227;671.96697528206;1545.86913038108;1335.98785570079;168.634351888348;40.2413743642959;1.00554842764373;80.2413855337553;165.898032061965;25.106782242008;17.0786995645221;1779.75911701147;149.752089249411;1693.59121306208;154.7884195470354;24.03491988534455;30.226015121284497;38.1133500522768;176.738007558877;97.3108198730328;3.0333605632053704
Plan-de-Cuques;13075;93;13;Métropole Aix-Marseille-Provence;4229.86140435313;3551.10287061616;678.758533736969;652.038128355979;557.782638786642;120.543372501173;437.239266285469;94.2554895693368;2139.04736609787;1726.85830309896;1555.26247068128;87.2709127490974;12.7032161100948;5.5248492243484;66.0968543341347;412.189062998908;204.52079777191;203.025684488095;4.64258073890278;2090.81403825527;1824.2445675172;1664.3217794846;129.789661325448;2.81249466327299;5.71492987319177;21.6057021706896;266.569470738062;211.489050185194;49.2589943173676;5.8214262354996;1711.93434816082;151.330305497702;1279.54174941929;281.062293243832;111.033700898496;46.1716128247954;49.1090555383522;15.7530325353486;1793.30577802945;90.3273590175933;1425.51643696232;277.461982049537;422.015067848524;40.9828191435928;303.860134382201;77.1721143227298;820.754958666463;3409.10644568667;3312.1344540757;41.6942572676489;55.2777343433187;0.0;124.99506538641;165.143359191641;14.274746770443;231.729806560275;3183.71268575979;510.00574068457;3219.58425016588;217.0605740745454;15.51571077336779;11.23977909754017;87.7025565048243;416.009847957104;252.28467880546262;10.46400697440238
Port-Saint-Louis-du-Rhône;13078;93;13;Métropole Aix-Marseille-Provence;2972.63460386252;2752.13811916303;220.496484699492;523.192530961844;495.230621406721;87.0354915063978;408.195129900323;27.9619095551237;1632.77617119877;1522.11650677586;1298.11781258565;85.9908924602863;102.054340495451;14.0635044493629;21.8899567851096;110.659664422918;57.7835842517138;49.8430286507307;3.03305152047344;1339.85843266375;1230.02161238718;933.136260789431;189.409465694695;36.9162898069249;46.8892039388186;23.6703921573077;109.836820276574;75.7227861148676;31.0933572861673;3.02067687553911;1514.07329419833;155.789125119361;1200.74174457229;157.542424506677;85.0217069227051;26.8466229321243;46.1031166533138;12.071967337267;1227.99545315855;143.711791341791;902.114083965744;182.169577851015;407.188237608477;57.9772436008571;292.994225209992;56.2167687976279;1898.69000745323;1073.94459640929;1035.08742680703;8.00653935440067;28.8368456641699;2.01378458369274;67.9466680080734;207.203900628614;58.9119948377681;26.1683236673531;2572.40517364005;39.9985430806627;2231.254073375081;275.4003581549813;138.9706303023759;60.952708388181506;45.5603489424173;133.5063703665814;80.936385936898;6.05372839601255
Puyloubier;13079;93;13;Métropole Aix-Marseille-Provence;742.041611048645;557.223300715403;184.818310333242;134.340892030734;107.146520499217;19.0112571017989;88.1352633974176;27.1943715315179;376.610162416484;270.865984837147;237.834409995106;11.968214550731;8.04372957247407;3.06653363391878;9.9530970849177;105.744177579337;53.8969563876644;51.8472211916725;0.0;365.431448632161;286.357315878256;242.212020381508;33.0836727997691;1.0341522996385;3.06653363391878;6.96093676342095;79.0741327539054;58.0481332418098;20.0274585115643;0.998541000531249;261.701683268609;20.7995133553855;193.295709708132;47.6064602050913;14.9641440998473;4.94097686866131;9.00697656404582;1.01619066714014;283.308431910946;18.963224363171;212.551050102906;51.7941574448691;85.0863794301077;4.97566843109236;62.8521834265735;17.2585275724419;218.042842341101;523.998768707544;473.115724892636;29.0155483821773;17.9077164455142;3.95977898721645;47.9920927153517;33.2574370669727;0.998541000531249;9.00696582142058;613.655835757866;37.1307386865029;480.046430376614;45.051887350500095;9.07788187211257;6.13306726783756;16.914033848338647;111.94508962947421;71.87467970323681;0.998541000531249
La Roque-d'Anthéron;13084;93;13;Métropole Aix-Marseille-Provence;2117.22832712717;1762.44684597926;354.781481147909;383.162164470965;315.954040447688;55.1808284050265;260.773212042662;67.2081240232767;1048.91357990803;846.535743839939;757.270022145271;57.1605124408343;11.0361656810053;3.0098633675469;18.0591802052814;202.377836068091;115.33701629666;86.037531982248;1.0032877891823;1068.31474721914;915.91110213932;793.57422308265;81.2020797001958;13.0427412593699;13.0427412593699;15.0493168377345;152.403645079819;106.310620198438;41.0765859354693;5.0164389459115;834.496290369751;70.2122175477231;633.932431138101;130.351641683928;50.164389459115;15.0493168377345;22.0723313620106;13.0427412593699;907.884799825862;53.165288979143;702.295064418773;152.424446427946;255.75677309675;23.0756191511929;175.575363106903;57.1057908386548;755.290513677064;1361.9378134501;1109.24897235818;217.573768470547;35.1150726213805;0.0;102.335354496595;256.741515025158;8.0263023134584;18.0591802052814;1632.74048395763;99.3254911290477;1550.844245227921;138.3625921410301;24.078906940375198;16.0526046269168;33.1084970430159;221.647636495098;127.1141179177173;6.0197267350938
Roquevaire;13086;93;13;Métropole Aix-Marseille-Provence;3782.79834880352;3133.42189837948;649.376450424037;674.254567097925;563.339630260175;145.876761618449;417.462868641726;110.91493683775;1914.76846236744;1521.14712220486;1343.89054090341;95.3661139165704;25.9147048686333;5.18294097372665;50.7928215425212;393.621340162583;205.998876913678;186.585875054159;1.03658819474533;1868.02988643608;1612.27477617462;1400.05637009247;167.645113708101;12.439058336944;5.18294097372665;26.9512930633786;255.755110261454;192.523230381989;62.1952916847198;1.03658819474533;1509.74465206266;140.693820644723;1102.64766536839;266.40316604955;137.584056060487;50.7928215425212;58.8033532598415;27.9878812581239;1593.61618866921;106.768584058769;1190.19331424046;296.654290369983;407.096986694272;45.6098805687945;282.706403324833;78.7807028006451;684.246168036912;3098.55218076661;2913.84941542912;120.434297263277;51.8294097372665;12.439058336944;93.2929375270797;136.265294025099;24.8781166738879;100.549054890297;3226.80694307439;201.00600261277;2743.94691099588;263.0112276246714;38.3537632055773;10.3658819474533;77.7441146058998;398.522107295667;248.7811667388788;2.07317638949066
Le Rove;13088;93;13;Métropole Aix-Marseille-Provence;2153.16734057314;1848.70927897147;304.458061601672;325.420747810312;282.49715224024;52.9058270979955;229.591325142245;42.9235955700718;1097.04724491881;905.388399582678;799.576745386687;53.9040502507879;21.9609093614321;4.99111576396184;24.9555788198092;191.658845336135;96.8276458208597;90.8383069041055;3.99289261116947;1056.12009565433;943.320879388788;832.518109428835;84.8489679873513;3.99289261116947;2.9946694583771;18.966239903055;112.799216265538;81.8542985289742;30.9449177365634;0.0;898.400837513131;85.8471911401437;675.797074440433;136.756571932554;51.9076039452031;15.9715704446779;27.9502482781863;7.98578522233894;933.338647860864;57.8969428619573;730.699347844013;144.742357154893;220.607316767113;22.9591325142245;162.710373905156;34.9378103477329;401.285707422532;1751.88163315061;1712.9509301917;16.9697935974703;19.9644630558474;1.99644630558474;44.9200418756566;34.9378103477329;1.99644630558474;31.9431408893558;1964.50316469538;74.8667364594276;1632.094854815522;138.7530182381392;25.95380197260157;7.98578522233894;43.9218187228642;178.68194434983388;121.78322464066889;3.99289261116947
Saint-Chamas;13092;93;13;Métropole Aix-Marseille-Provence;3733.06198103005;3317.49910883114;415.562872198907;579.896260809178;507.417367227739;85.997928361434;421.419438866305;72.4788935814396;2022.18900408512;1779.93639024754;1561.49067220678;114.490846376321;60.2750141727249;12.2370703645477;31.4427871271665;242.25261383758;143.249112635199;99.0035012023803;0.0;1710.87297694493;1537.5627185836;1274.07855616888;190.784012539837;27.624856895867;29.8910686818391;15.184224297184;173.310258361328;123.371051160639;48.9706258648067;0.968581335881774;1769.62805953666;154.253149058378;1377.61518144193;237.75972903636;82.8707523355246;21.3777500652587;42.9568038411612;18.5361984291048;1529.25485500156;101.895064020548;1211.36569338747;215.994097593538;416.211971105758;26.3968218345584;315.312875275892;74.5022739953077;980.015848065878;2753.04613296417;2645.93652764286;45.9238124717604;52.056872892407;9.12891995713849;104.434607692372;165.914631712331;38.9664282301612;43.9354409597982;3179.21219351486;200.59867892052;2835.56922837566;305.274858916158;87.8998710685919;42.1281390463868;46.6270114243505;266.620163795838;147.974127067187;0.968581335881774
Saint-Marc-Jaumegarde;13095;93;13;Métropole Aix-Marseille-Provence;460.162629757784;259.785467128027;200.377162629757;98.6782006920412;59.4083044982697;16.1107266435986;43.2975778546711;39.2698961937715;248.709342560553;129.892733564013;115.795847750865;7.04844290657437;3.02076124567473;1.00692041522491;3.02076124567473;118.816608996539;43.2975778546711;75.5190311418683;0.0;211.453287197231;129.892733564013;115.795847750865;10.0692041522491;2.01384083044982;0.0;2.01384083044982;81.5605536332177;56.387543252595;24.1660899653978;1.00692041522491;127.878892733564;13.0899653979238;86.5951557093423;28.1937716262975;16.1107266435986;5.03460207612455;7.04844290657437;4.02768166089964;125.865051903114;5.03460207612455;84.5813148788924;36.2491349480968;41.2837370242213;2.01384083044982;26.1799307958477;13.0899653979238;76.5259515570932;383.636678200691;326.242214532871;8.05536332179928;44.304498269896;5.03460207612455;35.2422145328718;9.06228373702419;4.02768166089964;16.1107266435986;351.415224913494;44.304498269896;231.59169550173;17.11764705882347;5.03460207612455;1.00692041522491;5.03460207612455;99.6851211072661;99.6851211072661;1.00692041522491
Saint-Paul-lès-Durance;13099;93;13;Métropole Aix-Marseille-Provence;384.206343516688;350.627558213765;33.5787853029232;46.4177326246292;44.4425099597514;7.90089065951135;36.54161930024;1.97522266487784;217.287260735537;193.584588757003;160.005803454079;12.8389473217059;9.87611332438919;3.95044532975568;6.91327932707243;23.7026719785341;14.8141699865838;8.88850199195027;0.0;166.919082781152;157.042969456763;132.35268614579;15.8017813190227;5.92566799463351;0.987611332438919;1.97522266487784;9.87611332438919;6.91327932707243;2.96283399731676;0.0;192.596977424564;16.7893926514616;140.240809206327;35.5667755667756;6.91327932707243;1.97522266487784;2.96283399731676;1.97522266487784;157.042969456763;11.851335989267;107.662402834817;37.5292306326789;36.54161930024;3.95044532975568;26.6655059758508;5.92566799463351;194.584967688416;189.621375828272;121.476193889987;60.2442912787741;4.93805666219459;2.96283399731676;9.88888092336367;26.6655059758508;6.91327932707243;3.95044532975568;323.94928463894;12.8389473217059;292.358489599869;28.6407286407286;15.801781319022698;4.938056662194599;8.88850199195027;21.72744931365623;11.85133598926703;0.0
Saint-Savournin;13101;93;13;Métropole Aix-Marseille-Provence;1554.0;1355.0;199.0;209.0;195.0;35.0;160.0;14.0;768.0;647.0;583.0;38.0;13.0;2.0;11.0;121.0;59.0;59.0;3.0;786.0;708.0;635.0;55.0;8.0;3.0;7.0;78.0;59.0;19.0;0.0;638.0;54.0;513.0;71.0;35.0;15.0;16.0;4.0;699.0;37.0;576.0;86.0;154.0;11.0;121.0;22.0;163.0;1391.0;1357.0;17.0;16.0;1.0;29.0;24.0;1.0;30.0;1436.0;34.0;1218.0;93.0;21.0;5.0;18.0;118.0;78.0;3.0
Vauvenargues;13111;93;13;Métropole Aix-Marseille-Provence;423.798202685067;307.7212782831;116.076924401967;84.5894524512747;66.8282606246884;17.7561003564378;49.0721602682506;17.7611918265863;230.757093926385;149.398480589915;125.757341566166;14.7414755757097;1.97744543015209;0.988722715076044;5.9334953028112;81.358613336469;45.7899382461917;33.5906501539478;1.97802493632956;193.041108758682;158.322797693185;139.672611790457;18.6501859027272;0.0;0.0;0.0;34.7183110654975;17.9464356607688;15.8068015012252;0.965073903503527;147.372578524263;19.6354731635772;91.8181965395037;35.9189088211825;16.7431493236118;6.87434088856474;6.85301044135993;3.01579799368711;156.321123945282;6.05638995035543;115.069830364012;35.1949036309149;48.0834375531745;0.941990737162241;34.1859636050737;12.9554832109386;114.483016107244;309.315186577822;274.389128017978;9.09292468446582;23.8551089390485;1.97802493632956;23.761121600144;18.9150014812569;1.97802493632956;8.85585740222101;329.856129502495;40.4320677626199;265.429953356623;33.3916614784369;1.97744543015209;0.988722715076044;5.9334953028112;63.7363739069605;49.397451655173;2.9430988398330866
Velaux;13112;93;13;Métropole Aix-Marseille-Provence;3566.49945867059;3115.13294719192;451.366511478668;583.783120374113;512.430477393853;86.3017498258035;426.128727568049;71.3526429802602;1817.15901600445;1532.11047102908;1376.25601694082;65.0725499122316;28.7499723215955;9.78463016147973;52.2473016929537;285.048544975373;137.841463567577;145.190660141981;2.01642126581538;1749.34044266614;1583.02247616284;1418.76566058173;109.991155113766;9.02705218442944;13.7709917649026;31.4676165180137;166.317966503294;122.726238697285;40.5986900127706;2.99303779323847;1517.02015277464;135.870630404081;1137.20046775945;243.949054611106;79.2451483890305;27.5110130509674;36.7384591159347;14.9956762221284;1567.80504488432;78.0453684699407;1235.57449873254;254.185177681847;419.071876704539;28.5697235032579;316.229977618287;74.2721755829942;875.945111712621;2690.55434695797;2567.15613533819;49.2867002198541;60.2013571756711;13.9101542242555;110.931580915966;83.437029673518;11.8644659509051;65.5461922689022;3162.94724750836;131.772942352935;2795.02167752255;175.0637050259976;37.777024506024944;23.55562192638233;83.7149182109674;260.56770226486196;185.7893501547516;5.00945905905385
Vernègues;13115;93;13;Métropole Aix-Marseille-Provence;942.20368442826;779.430536388879;162.773148039381;147.921927642746;132.652567369946;24.8127104432993;107.839856926647;15.2693602727996;500.189604198906;395.630892199574;359.209194216459;12.5633225568656;6.68034511934981;0.0;17.1780303068995;104.558711999332;55.3514309888984;49.2072810104338;0.0;442.014080229353;383.799644189305;348.489248558456;26.7213804773992;0.0;2.86300505114992;5.72601010229984;58.2144360400484;42.9450757672488;13.3606902386996;1.90867003409995;389.525654291605;34.356060613799;305.387205455991;49.7823882218146;24.8127104432993;6.68034511934981;13.3606902386996;4.77167508524987;381.890974155205;17.1780303068995;313.976220609441;50.7367232388645;106.885521909597;7.63468013639978;82.0728114662977;17.1780303068995;161.400673146166;780.803011282094;717.816900156796;32.4473905796991;26.7213804773992;3.81734006819989;50.5797559036486;26.0420680602856;4.77167508524987;6.68034511934981;830.271464833477;23.8583754262493;707.6984427749151;39.2847030342648;6.68034511934981;2.86300505114992;22.90404040919934;98.29650675614721;62.56797124913341;1.90867003409995
Coudoux;13118;93;13;Métropole Aix-Marseille-Provence;1698.97377784024;1457.32223093742;241.651546902824;283.574797780171;244.053218610728;43.4116104816193;200.641608129109;39.5215791694426;849.385979172037;708.465072441984;651.333231380511;18.786412633732;12.9079323690323;2.97365196104448;22.4638440976638;140.920906730054;77.0906373781551;63.8302693518985;0.0;849.587798668204;748.857158495434;665.937733754792;49.3175054033158;5.94711083957885;14.8958516709869;12.7589568267602;100.73064017277;75.9695142511997;23.7746368429382;0.986489078632068;705.450207227059;60.010024337414;554.960286545223;90.4798963444219;41.4110298760958;14.7307950634636;21.7063857470827;4.97384906554951;741.894813544401;39.535424662531;617.44127194596;84.9181169359098;200.641608129109;21.6795265448734;149.924901860823;29.0371797234119;292.455148148347;1406.51862969189;1337.54755580582;26.5970333475846;37.3585947180415;5.01544582044877;65.0211317705813;19.9933537446751;3.93253592741545;30.5308917685805;1510.55348603628;68.9423785927088;1317.270965135303;68.1039180370478;18.85504320861115;17.869503632031382;35.222800924424;153.06015162935478;87.6049061948367;0.986489078632068
Aix-en-Provence;13001;93;13;Métropole Aix-Marseille-Provence;59292.6373049276;49534.4221463097;9758.21515861792;10788.0684570384;9126.80111599129;2783.54764238207;6343.25347360922;1661.26734104711;30709.457959857;24897.1711338093;20851.3690264095;2606.16144652641;412.906333831072;106.087028310127;920.647298732197;5812.28682604774;3027.41186736375;2750.89471354821;33.9802451357857;28583.1793450706;24637.2510125004;20499.0842764305;2838.07778450608;214.415808995145;250.70552112815;834.967621440525;3945.92833257018;2743.09904804811;1151.29965575129;51.5296287707754;24535.4735792685;3211.64627788588;17806.565123882;3517.26217750064;2657.61335751897;1241.78979864768;1111.26575109515;304.55780777614;24294.0101999601;2615.41167081418;17692.8153122471;3985.7832168989;6178.81421287121;1213.37748399598;3902.10871728207;1063.32801159315;39162.8190749744;20129.8182299532;17127.6944935597;1478.66893073244;1363.58582940757;159.868976253456;2070.67206059656;6537.49070283049;1879.37077547548;1406.0148573762;38523.0179918055;8876.07091684333;41350.453302840004;5444.23923103249;627.322142826217;356.792549438277;1755.6149201727221;5770.51091541186;3902.1943692995;85.5098739065611
La Barben;13009;93;13;Métropole Aix-Marseille-Provence;417.469686418272;341.809174395862;75.6605120224092;68.3626485555541;57.4117849733633;10.6217314858208;46.7900534875425;10.9508635821908;213.381342186444;171.568953963534;159.289356850138;10.9508635821908;0.0;0.0;1.32873353120463;41.8123882229104;23.8927932702345;17.9195949526759;0.0;204.088344231828;170.240220432329;137.387629685756;17.9195949526759;2.98659915877931;3.98213221170575;7.9642644234115;33.8481237994989;24.8883263231609;8.95979747633793;0.0;169.577887857681;9.29299795461613;126.432697721658;33.852192181407;10.6217314858208;0.995533052926437;5.97319831755862;3.6530001153357;170.240220432329;18.2527954309541;124.112499519435;27.8749254819402;46.7900534875425;2.98659915877931;36.8347229582782;6.96873137048506;60.3983841321426;357.071302286129;332.17890758106;8.95979747633793;11.9504650170254;3.98213221170575;21.9017271643816;2.98659915877931;2.98659915877931;8.29746490168969;372.333430176396;8.96386585824608;296.676986535894;28.8704585348667;2.98659915877931;3.98213221170575;9.29299795461613;48.7811195933954;26.87939242901383;0.0
Beaurecueil;13012;93;13;Métropole Aix-Marseille-Provence;227.0;159.0;68.0;45.0;32.0;7.0;25.0;13.0;115.0;66.0;57.0;6.0;0.0;0.0;3.0;49.0;25.0;24.0;0.0;112.0;93.0;82.0;7.0;1.0;1.0;2.0;19.0;11.0;8.0;0.0;64.0;3.0;52.0;9.0;5.0;2.0;2.0;1.0;91.0;11.0;69.0;11.0;25.0;4.0;15.0;6.0;42.0;185.0;175.0;2.0;7.0;1.0;12.0;5.0;1.0;8.0;193.0;8.0;139.0;13.0;1.0;1.0;5.0;36.0;32.0;0.0
Cabriès;13019;93;13;Métropole Aix-Marseille-Provence;4416.27645299628;3568.81106168111;847.465391315171;705.241116827992;582.877606685552;114.057055728494;468.820550957058;122.36351014244;2294.97337804385;1765.80218268571;1607.02513760522;74.5792659538689;22.877014083639;2.98395835873552;58.3368066842451;529.171195358145;229.770097981206;297.411791804449;1.98930557249034;2121.30307495243;1803.0088789954;1629.71602607463;115.313135219266;10.9411806486969;2.98395835873552;44.0545786940722;318.294195957026;201.919819966341;111.401112059459;4.97326393122586;1728.00537680839;125.837682612926;1262.72890913653;339.438785058936;100.131916721061;34.48483282888;45.7540281672779;19.8930557249034;1777.14790655303;114.559105996008;1369.1662286147;293.422571942326;450.916800804645;60.0182558102924;313.315627667229;77.5829173271234;912.596248862523;3503.68020413376;3310.24808951679;55.7441729225848;122.76814990071;14.9197917936776;194.149860657811;78.9626564972591;26.1995958492176;84.5454868308396;3833.3138283407;199.105024820455;3236.7411636798497;189.89240117313489;33.8181947323359;5.96791671747104;102.3913853783173;431.689917947547;408.812903863908;6.9625695037162
Cadolive;13020;93;13;Métropole Aix-Marseille-Provence;976.0;856.0;120.0;159.0;149.0;23.0;126.0;10.0;481.0;401.0;356.0;27.0;7.0;0.0;11.0;80.0;40.0;40.0;0.0;495.0;455.0;411.0;29.0;2.0;4.0;9.0;40.0;29.0;10.0;1.0;396.0;36.0;302.0;58.0;21.0;9.0;8.0;4.0;453.0;21.0;359.0;73.0;124.0;5.0;95.0;24.0;86.0;890.0;837.0;36.0;16.0;1.0;21.0;23.0;0.0;11.0;895.0;26.0;767.0;56.0;9.0;4.0;20.0;69.0;50.0;1.0
Carry-le-Rouet;13021;93;13;Métropole Aix-Marseille-Provence;2082.86806952843;1639.80910473545;443.058964792973;307.52743235014;237.726798033826;51.5917731903196;186.135024843506;69.8006343163148;1088.47359267303;816.363940482116;748.586512957579;42.487342627322;11.1276373547748;6.06962037533172;8.09282716710896;272.109652190918;118.345936015847;152.752112779182;1.01160339588862;994.394476855392;823.445164253337;735.435668811027;64.7426173368717;5.0580169794431;6.06962037533172;12.1392407506634;170.949312602056;120.369142807625;49.5685663985424;1.01160339588862;798.155079356121;50.580169794431;568.521108489404;179.053801072286;38.4409290437676;9.10443056299758;15.1740509383293;14.1624475424407;801.189889543787;46.5337562108765;576.613935656513;178.042197676397;176.01899088462;17.1972577301065;114.311183735414;44.5105494190993;432.942930834087;1649.92513869434;1559.89243646025;21.243671313661;58.67299696154;10.1160339588862;81.9165524607358;83.9630818587555;4.04641358355448;23.2668781054383;1782.44518355575;107.229959964194;1484.022181768606;107.22995996419371;16.1856543342179;12.13924075066344;20.232067917772362;238.715078823472;202.3206791777244;2.02320679177724
Ceyreste;13023;93;13;Métropole Aix-Marseille-Provence;1954.5302105048;1446.7593476865;507.770862818303;315.903246715204;255.823488137465;51.3585033003245;204.464984837141;60.0797585777381;979.687676162794;667.660542904218;604.673699234009;38.7611345662826;8.72125527741359;0.0;15.5044538265131;312.027133258575;141.478141166932;167.641906999172;2.9070850924712;974.842534342008;779.098804782281;682.195968366574;72.67712731178;6.78319854909946;5.8141701849424;11.6283403698848;195.743729559727;145.35425462356;49.4204465720104;0.969028364157066;665.722486175904;57.1726734852669;475.792926801119;132.756885889518;50.3894749361674;18.4115389189843;20.3495956472984;11.6283403698848;763.594350955768;35.8540494738114;568.819649760198;158.920651721759;194.77470119557;16.4734821906701;130.818829161204;47.4823898436962;307.18199143779;1647.34821906701;1433.1929505883;174.425105548272;33.9159927454973;5.8141701849424;61.0487869418952;36.8230778379685;12.5973687340419;56.2036451211098;1691.92352381824;95.9338080515495;1286.869667600583;111.4382618780626;15.50445382651305;5.8141701849424;27.1327941963979;286.832395790492;217.0623535711824;3.876113456628266
Charleval;13024;93;13;Métropole Aix-Marseille-Provence;1078.0;918.0;160.0;196.0;167.0;18.0;149.0;29.0;551.0;456.0;405.0;22.0;8.0;1.0;20.0;95.0;53.0;42.0;0.0;527.0;462.0;388.0;50.0;3.0;14.0;7.0;65.0;50.0;13.0;2.0;452.0;42.0;366.0;44.0;16.0;6.0;10.0;0.0;460.0;29.0;373.0;58.0;147.0;15.0;113.0;19.0;210.0;868.0;767.0;83.0;18.0;0.0;42.0;45.0;16.0;20.0;918.0;37.0;793.0;72.0;11.0;15.0;27.0;103.0;55.0;2.0
Châteauneuf-le-Rouge;13025;93;13;Métropole Aix-Marseille-Provence;1062.26285727358;880.215986564892;182.046870708691;164.616851172752;141.376825124834;28.0816981412342;113.2951269836;23.240026047918;552.918953056715;431.877150723809;391.207105139952;19.366688373265;8.71500976796923;0.0;12.5883474426222;121.041802332906;56.1633962824684;64.8784060504376;0.0;509.343904216868;448.338835841084;396.048777233268;40.6700455838564;1.9366688373265;0.0;9.68334418663248;61.0050683757846;36.7967079092034;23.240026047918;0.968334418663248;428.003813049156;35.8283734905402;303.088673041597;89.0867665170188;26.1450293039077;9.68334418663248;11.620013023959;4.84167209331624;443.497163747768;31.9550358158872;323.423695833525;88.1184320983556;108.453454890284;11.620013023959;69.7200781437539;27.1133637225709;136.535153031518;925.727704242065;856.007626098311;43.5750488398462;20.3350227919282;5.81000651197949;20.3350227919282;22.2716916292547;2.90500325598974;14.5250162799487;940.252720522014;61.9734027944479;787.25588237322;60.0367339571214;10.65167860529573;0.0;22.271691629254683;92.9601041916718;88.11843209835561;0.968334418663248
Eyguières;13035;93;13;Métropole Aix-Marseille-Provence;3079.70104502396;2599.97773220044;479.723312823518;531.537503662473;472.815265162619;72.8965719308534;399.918693231765;58.7222384998542;1602.53301103625;1313.15074714329;1182.54438910051;60.7471432757112;38.4731907412838;1.01245238792852;30.3735716378556;289.382263892957;157.942572516849;129.41478660025;2.02490477585704;1477.16803398771;1286.82698505715;1118.75988866101;124.531643715208;19.2365953706419;6.07471432757112;18.2241429827134;190.341048930562;131.618810430708;54.6724289481401;4.04980955171408;1302.01377087608;97.1954292411379;957.77995898038;247.038382654559;69.8592147670679;14.1743334309993;31.3860240257841;24.2988573102845;1273.66510401408;75.933929094639;987.141078230307;210.590096689132;387.769264576623;43.5354526809264;267.287430413129;76.9463814825675;748.023195624576;2331.67784939938;2109.95077644304;155.917667740992;59.7346908877827;6.07471432757112;125.544096103136;111.369762672137;39.3065240746122;39.4856431292123;2665.78713741579;98.2078816290664;2301.30427776152;185.2787869909192;57.7097861119257;7.08716671549964;48.597714620569;289.56138294755704;184.0872155483901;6.074714327571121
Fuveau;13040;93;13;Métropole Aix-Marseille-Provence;4549.85253365039;3802.36099984077;747.49153380962;748.482245709941;607.579425735349;135.906950609368;471.672475125981;140.902819974592;2299.4152158883;1848.71759121515;1649.85501794118;85.9409849493189;40.9715497461127;2.99791827410581;68.9521203044336;450.697624673145;256.831581856017;189.868818451654;3.99722436547441;2250.43731776209;1953.64340862562;1740.79121116411;160.888280710345;13.9902852791604;8.99375482231743;28.9798766496895;296.793909136475;210.853585278775;77.945875126751;7.99444873094882;1839.72383639284;158.889668527608;1350.0631905306;330.770977334627;127.912501878419;49.9653045684301;48.9666595686806;28.9805377413085;1944.6496538033;107.925057867809;1519.94456497165;316.780030963847;463.678026395032;40.9715497461127;331.769622334376;90.9368543145429;806.451915383606;3743.40061826679;3508.56368679517;151.894525888028;74.9479568526452;7.99444873094882;179.875096446349;81.9430994922254;28.9798766496895;76.9465690353824;4040.20642705241;141.901464974342;3390.6462291052903;246.8292656596639;54.9618350252731;11.99167309642324;97.93199695412311;467.685167134792;267.814693578405;11.99167309642323
Gardanne;13041;93;13;Métropole Aix-Marseille-Provence;8787.63471482465;7910.07586279299;877.558852031658;1374.15311836315;1256.14716698202;310.899162269102;945.248004712922;118.00595138113;4591.70208178857;4012.97199844953;3408.84287043805;322.586129810636;108.02362506411;18.9388183374127;154.580554799317;578.730083339042;338.34475571278;240.385327626262;0.0;4195.93263303608;3897.10386434346;3404.40829143213;356.221116834968;37.051567763298;24.5100875132955;74.9128007997693;298.828768692616;237.049284830111;60.8011532094226;0.978330653082298;3987.66604457636;455.805607479728;3034.96087600864;496.899561087991;295.031713880757;107.61744132847;156.339936719547;31.0743358327397;3833.31446630921;337.837820592196;2969.18147146332;526.295174253686;921.287571507459;127.048553579365;655.567466383382;138.671551544713;2677.55087470849;6110.08384011616;5922.68662884372;75.1821148740039;99.2319073768242;12.9831890216054;243.945830269323;372.348889730994;67.3318777096725;163.246186326524;7488.01466789874;452.747262889389;6813.25116187018;678.807246645604;145.07519282740802;43.4489058507082;229.49335559908633;575.3940405428909;301.1864808356846;0.978330653082298
Gignac-la-Nerthe;13043;93;13;Métropole Aix-Marseille-Provence;4067.73405819015;3613.4309880337;454.303070156451;615.778079201057;555.592629735886;124.587152920791;431.005476815095;60.1854494651709;2058.95404378716;1786.17805508211;1587.14854637991;96.1025725330954;44.6537205709332;4.85366527944926;53.4195503187215;272.775988705049;157.258755054156;113.575767539113;1.94146611177971;2008.780014403;1827.25293295159;1623.39899121472;142.697759215808;16.5024619501275;16.5024619501275;28.1512586208057;181.527081451403;133.9611617128;46.5951866827129;0.970733055889853;1772.58779229965;157.287987298936;1339.611617128;275.688187872718;115.850555417782;34.3089787230347;65.0391147446202;16.5024619501275;1814.63340322503;145.943280150368;1378.44093936359;290.249183711066;421.298146256196;45.6244536268231;306.751645661194;68.9220469681796;529.04951545997;3538.68454273018;3478.13653925334;21.3561272295768;36.279677079594;2.91219916766956;84.4537758624172;58.2439833533912;5.82439833533912;59.5480381761709;3729.55640072882;130.10746173402;3210.54753759463;238.80033174890337;61.1561825210607;21.35612722957676;81.5708089395272;291.219916766956;160.1709542218259;2.912199167669563
Grans;13044;93;13;Métropole Aix-Marseille-Provence;2309.39738813408;1936.53035369362;372.867034440461;381.941130847891;337.061143454776;60.0716125128142;276.989530941961;44.8799873931159;1211.78535836318;983.809729575734;872.704363421188;58.0520928201827;32.0660475368815;2.00618859080265;18.9810372066784;227.97562878745;111.036869184475;115.945857542232;0.992902060743094;1097.6120297709;952.720624117885;829.592259022556;82.1200695632007;14.9752536315709;7.99076481810609;18.0422770824511;144.891405653011;93.8925654731848;44.9733558316437;6.02548434818286;977.790840719664;77.01878776519;751.161653209972;149.610399744501;56.0657379298064;10.9967743614796;29.9916008592711;15.0773627090557;944.668427527337;68.2050061939453;721.533198237167;154.930223096224;271.970600335094;25.0336214323693;180.513263874122;66.4237150286026;477.405806311989;1831.99158182209;1729.02792961493;43.994383818109;55.9837828132951;2.9854855757577;72.0408062292407;93.327951745103;13.0713599052836;35.1194208788951;1998.79116493781;97.0466844377494;1702.2966224437441;140.1721623833834;47.0413011684524;9.996953408908741;37.0233142891295;204.92943465765978;160.91921337387572;7.018386408925954
Gréasque;13046;93;13;Métropole Aix-Marseille-Provence;1807.79933349381;1575.72371657698;232.075616916837;263.948663017003;236.059747679358;34.861144172057;201.198603507301;27.8889153376456;886.469094660879;735.072125685088;680.290327700427;29.880980718906;10.9563595969322;0.0;13.9444576688228;151.396968975791;78.6865825597859;72.7103864160047;0.0;921.330238832936;840.65159089189;753.996746807062;61.7540268190725;7.96826152504161;0.0;16.9325557407134;80.6786479410463;55.7778306752913;24.900817265755;0.0;727.103864160047;49.80163453151;567.738633659215;109.563595969322;31.8730461001664;10.9563595969322;16.9325557407134;3.9841307625208;832.683329366848;46.8135364596194;649.413314290891;136.456478616338;199.20653812604;11.9523922875624;158.369197810202;28.8849480282758;279.885186067086;1527.91414742673;1471.14028406081;24.900817265755;24.900817265755;6.97222883441141;69.7222883441141;48.8056018408799;6.97222883441141;19.920653812604;1611.58089343967;50.7976672221402;1434.287074507489;91.6350075379785;18.92462112197381;0.0;30.8770134095362;134.4644132350772;97.61120368175969;0.0
Jouques;13048;93;13;Métropole Aix-Marseille-Provence;1887.0;1560.0;327.0;387.0;324.0;59.0;265.0;63.0;958.0;772.0;683.0;54.0;17.0;1.0;17.0;186.0;102.0;83.0;1.0;929.0;788.0;674.0;84.0;9.0;13.0;8.0;141.0;89.0;50.0;2.0;757.0;68.0;543.0;146.0;49.0;13.0;28.0;8.0;774.0;44.0;589.0;141.0;257.0;20.0;182.0;55.0;410.0;1477.0;1216.0;215.0;45.0;1.0;70.0;79.0;8.0;24.0;1590.0;116.0;1357.0;138.0;26.0;14.0;25.0;191.0;133.0;3.0
Marignane;13054;93;13;Métropole Aix-Marseille-Provence;12592.9331216477;11352.7393844356;1240.19373721208;2073.32148732407;1904.36374362318;434.009897840946;1470.35384578224;168.957743700887;6651.54226982394;5835.5921951117;5086.38172281814;398.27346535352;165.284625629788;25.0889444092836;160.563436900969;815.950074712242;470.375375282987;344.574690531071;1.00000889818338;5941.39085182374;5517.1471893239;4770.92632832252;525.96632357497;73.9073154901277;55.4820465784983;90.8651753577844;424.243662499835;318.787631976058;102.61478854754;2.84124197623789;5797.73474894186;617.658670210185;4332.38671174762;847.689366984051;409.065445871902;144.795026897117;205.751392572532;58.5190264022519;5475.5194601886;469.292540606778;4206.30901320781;799.91790637401;1449.77340517695;161.960536394272;1043.36737734015;244.445491442525;4537.57173854556;8055.36138310212;7816.75341573364;88.2275632356152;136.650090186488;13.7303139463753;268.827487167342;413.227361567732;54.7814265329067;176.554286257141;11244.7313017265;434.811258396069;9857.308051140659;924.23978892849;239.1919411199157;80.5709909877819;251.4286122587534;789.163007259045;447.189479078611;3.84125087442127
Marseille;13055;93;13;Métropole Aix-Marseille-Provence;308413.741788915;266717.878869062;41695.8629198533;53671.2250795185;47171.749640307;14176.0895407983;32995.6600995087;6499.4754392115;156500.119846227;131130.779862019;110169.158496993;13331.0279310801;3180.73041985567;914.62488767701;3535.23812641328;25369.339984208;14969.4306030804;10277.9356194107;121.97376171686;151913.621942688;135587.099007042;114860.080215157;14959.855314063;1077.17086368541;1443.524449334;3246.46816480287;16326.5229356454;12122.6721167229;3972.87804301372;230.972775908737;128815.818359018;11156.0591196388;98609.5221618811;19050.2370774977;13345.1032658739;3239.56846800789;8362.68197457966;1742.8528232863;133528.469443542;11451.3013726991;100192.654475555;21884.5135952878;32130.0134333751;4536.5972211929;22194.433445854;5398.98276632818;259737.841939821;48675.8998490944;40460.4807333351;3232.58075503548;4416.73254439171;566.105816332078;8060.16529655907;30269.5815224037;5403.4524289276;16834.7911614389;164497.10706274;83348.6443168461;225029.23871215;28290.8832451431;4257.9012835410795;2358.14933701101;6781.70629121615;27092.1027198033;14250.81366242442;352.946537625597
Martigues;13056;93;13;Métropole Aix-Marseille-Provence;18239.6981834943;16448.2562776182;1791.4419058761;3196.36790190284;2931.46028398133;542.332815556835;2389.12746842449;264.907617921508;9571.78719603743;8543.23482122244;7158.85912168048;798.81667941177;322.697681683974;52.1806069747454;210.680731471467;1028.55237481499;495.907745756724;517.122197506193;15.5224315520763;8667.91098745689;7905.02145639578;6453.98963413755;1139.59988885959;82.9325447026206;79.8837101797757;148.615678516252;762.88953106111;534.258738404858;218.155614752841;10.4751779034098;8479.81301145949;856.035707522759;6313.67100459654;1310.10629934019;516.87016339859;157.628150375389;265.945952637151;93.2960603860496;7806.07150932031;641.64307863815;5848.71143082013;1315.71699986203;2335.8434734619;229.671214691723;1721.35210948029;384.820149289882;9704.87490749697;8534.82327599735;8165.72654835797;84.4602450619452;263.262288892414;21.3741936850248;449.411279395494;830.355331353303;85.0616583955479;265.221305708788;15575.9738949848;1033.67471365635;13612.84875581803;1938.4165682713601;405.6302263865946;132.06431715452112;359.296409987719;1030.166484161582;735.2778122590339;25.9976094554861
Mimet;13062;93;13;Métropole Aix-Marseille-Provence;1769.92691767167;1483.97328080556;285.953636866108;244.551909909353;213.44643760246;31.1054723068929;182.340965295567;31.1054723068929;871.41218471708;696.40139907889;638.482323010894;35.1083963762743;4.14739630758572;0.0;18.6632833841357;175.01078563819;87.9876992979922;87.0230863401979;0.0;898.514732954592;787.571881726674;718.247465812817;52.7348306835136;4.14739630758572;5.18424538448215;7.25794353827501;110.942851227918;82.9479261517144;26.9580759993072;1.03684907689643;689.143455540615;53.9161519986144;495.541622637391;139.685680904609;27.9949250762036;8.29479261517144;8.29479261517144;11.4053398458607;782.387636342192;40.4371139989608;580.491010823797;161.459511519434;180.267267141774;14.51588707655;119.237643843089;46.513736222135;200.498595845988;1569.42832182568;1511.50924575769;39.25579268386;18.6632833841357;0.0;48.7319066141322;14.3714148383457;6.07662222317424;30.0686232299965;1607.57502931355;63.1033214524779;1356.729788823711;87.84322705978789;8.29479261517144;5.18424538448215;25.92122692241071;170.9356254497066;113.9811623395051;1.03684907689643
La Penne-sur-Huveaune;13070;93;13;Métropole Aix-Marseille-Provence;2470.44228092524;2182.45301042493;287.989270500307;397.067826831675;367.968924102511;72.7742959856878;295.194628116823;29.0989027291644;1206.97142560539;1025.91206888025;909.165693515293;66.8556241702723;18.9294227905058;7.96208944221678;22.9992389619579;181.059356725147;100.110594381772;80.9487623433747;0.0;1263.47085531985;1156.54094154469;1020.32680277737;95.0962593181284;7.01690321960129;7.98117369078383;26.1198025388008;106.92991377516;71.8549895394203;33.0986246553044;1.97629958043532;1016.85211576791;91.0110739236246;766.984749506732;158.856292337551;68.7552181617484;22.8746882694313;34.863361448111;11.0171684442061;1149.45728801278;82.0990964140852;867.580452780327;199.77773881837;292.158815905498;30.9671259601536;203.680649128008;57.5110408173368;582.965343856429;1887.47693706881;1820.23048420726;40.21022671153;24.0195890238841;3.01663712613823;51.1133447245219;74.1793374168243;10.0621221609066;100.087938024971;2011.53038101044;223.46915758757;1929.492496292663;161.9518834884007;25.94632601010709;15.94326313300061;49.1190415007587;171.96558392119232;114.04738699867909;1.97629958043532
Peypin;13073;93;13;Métropole Aix-Marseille-Provence;2386.61932597971;2056.71372957052;329.905596409183;335.854807760463;304.152167865286;59.4424498034563;244.70971806183;31.7026398951767;1198.75607103637;993.679619214445;900.553114522363;44.5818373525922;13.8699049541398;2.97212249017282;31.7026398951767;205.076451821924;106.996409646221;98.0800421757029;0.0;1187.86325494334;1063.03411035608;954.051319345474;80.252273605601;7.92565997379418;2.97212249017282;17.8327349410369;124.829144587258;89.1636747051845;33.6840548886252;1.98141499344854;986.744666737375;86.1915522150117;712.318690144752;188.234424377612;55.4796198165592;18.8234424377612;27.7398099082796;8.91636747051845;1053.12703538884;55.4796198165592;793.556704876142;204.090710696135;239.756180578209;15.8513199475884;163.466736959505;60.4381236711155;309.100738977973;2077.51858700173;1966.55934736861;51.5167898296621;54.488912319835;4.95353748362136;42.6004223591437;21.795564927934;4.95353748362136;36.6561773787981;2207.30126907261;73.3123547575961;1854.604433867837;124.83411095819321;21.79556492793398;5.94424498034564;49.5353748362136;196.1600843514055;131.7640970643281;1.98141499344854
Saint-Antonin-sur-Bayon;13090;93;13;Métropole Aix-Marseille-Provence;49.0;37.0;12.0;6.0;6.0;2.0;4.0;0.0;26.0;16.0;16.0;0.0;0.0;0.0;0.0;10.0;4.0;6.0;0.0;23.0;21.0;18.0;2.0;0.0;0.0;1.0;2.0;2.0;0.0;0.0;16.0;2.0;12.0;2.0;2.0;1.0;1.0;0.0;20.0;1.0;15.0;4.0;3.0;0.0;1.0;2.0;9.0;40.0;35.0;1.0;4.0;0.0;1.0;1.0;0.0;0.0;46.0;1.0;34.0;2.0;0.0;0.0;1.0;6.0;6.0;0.0
Saint-Estève-Janson;13093;93;13;Métropole Aix-Marseille-Provence;164.50926792335;124.627988291322;39.8812796320285;38.846141922186;31.858410098908;4.97994063330596;26.878469465602;6.98773182327801;80.7603075198015;54.8420573151983;51.8448829394689;1.00600856165933;0.0;0.0;1.99116581407005;25.9182502046032;19.9323531743493;5.98589703025391;0.0;83.748960403549;69.7859309761236;63.8207982413906;3.98229692430901;0.0;0.993487401242016;0.989348409182056;13.9630294274254;9.97659351105638;3.98643591636897;0.0;53.8402399103103;3.97815793224905;42.853516378856;7.00856559920518;3.97812322841797;0.989348409182056;2.98877481923591;0.0;68.7841135712357;3.98645323206394;52.788372568189;12.0092877709828;26.878469465602;3.98645323206394;20.8925551196532;1.99946111388494;40.9120871521489;123.597180771202;101.702756299878;18.909771256011;1.99530480613001;0.989348409182056;12.9652814617498;6.98773175083687;0.0;3.00546967554427;141.550785035219;0.0;115.66568118085951;4.98830548596834;0.0;0.993487401242016;2.980514223252106;29.90894668540568;9.972332946622881;0.0
Saint-Mitre-les-Remparts;13098;93;13;Métropole Aix-Marseille-Provence;2370.0;1981.0;389.0;415.0;358.0;55.0;303.0;57.0;1230.0;1006.0;883.0;65.0;28.0;2.0;28.0;224.0;116.0;107.0;1.0;1140.0;975.0;860.0;87.0;8.0;6.0;14.0;165.0;110.0;52.0;3.0;987.0;88.0;716.0;183.0;44.0;17.0;15.0;12.0;969.0;56.0;701.0;212.0;298.0;23.0;204.0;71.0;482.0;1888.0;1823.0;18.0;40.0;7.0;51.0;62.0;19.0;19.0;2157.0;62.0;1743.0;152.0;36.0;8.0;42.0;226.0;159.0;4.0
Sénas;13105;93;13;Métropole Aix-Marseille-Provence;2811.91119614909;2379.64748071997;432.263715429114;468.474070616062;408.169360867051;64.3419682154957;343.827392651555;60.3047097490114;1468.78319995263;1200.37984452034;1057.62110254221;82.4381467761038;33.176327361115;6.03205952020272;21.1122083207095;268.403355432284;146.774819840594;119.617849084956;2.01068650673424;1343.12799619646;1179.26763619963;1017.40737240753;117.625160643953;13.0694622937726;15.0801488005068;16.0854920538739;163.86035999683;109.571824315006;53.2831924284574;1.00534325336712;1195.35312825351;117.625160643953;915.867703817446;161.860263792106;61.3259384553943;21.1122083207095;26.1389245875451;14.0748055471397;1168.20886041259;81.4328035227367;886.7127494698;200.063307420057;335.784646624618;35.1870138678492;230.22360502107;70.3740277356984;797.226609618116;2014.68458653097;1686.94268593329;282.501454196161;44.2351031481533;1.00534325336712;112.580446311386;134.715995951194;47.2511329082546;21.1122083207095;2412.80792262807;83.443490029471;2075.02847494974;200.0633074200568;46.2457896548876;21.11220832070952;37.1977003745834;256.3466441556;172.90104151341342;3.01602976010136
Le Tholonet;13109;93;13;Métropole Aix-Marseille-Provence;999.0;741.0;258.0;172.0;122.0;35.0;87.0;50.0;536.0;379.0;342.0;24.0;1.0;1.0;11.0;157.0;56.0;101.0;0.0;463.0;362.0;323.0;30.0;2.0;2.0;5.0;101.0;52.0;45.0;4.0;371.0;29.0;266.0;76.0;30.0;5.0;13.0;12.0;356.0;14.0;270.0;72.0;82.0;5.0;58.0;19.0;216.0;783.0;728.0;22.0;28.0;5.0;64.0;24.0;9.0;39.0;780.0;83.0;665.0;54.0;3.0;3.0;16.0;108.0;146.0;4.0
Ventabren;13114;93;13;Métropole Aix-Marseille-Provence;2342.26816576843;1795.23174131202;547.036424456418;371.06145078362;279.384996592949;54.4014123768814;224.983584216068;91.6764541906704;1187.42340333271;861.01492907142;787.472279006377;42.3122096264633;10.0743356253484;0.0;21.1561048132316;326.408474261288;130.966363129529;194.434677569224;1.00743356253484;1154.84476243573;934.216812240595;834.154989778847;71.8536827107721;6.04460137520904;2.01486712506968;20.1486712506968;220.62795019513;160.18193644304;58.4311466270207;2.01486712506968;851.948027008606;53.3939788143465;599.082202812362;199.471845381898;51.3791116892768;10.0743356253484;30.2230068760452;11.0817691878832;923.135043052712;55.4088459394162;666.239484606328;201.486712506968;215.916682153254;22.1635383757665;141.366598525676;52.3865452518117;369.728117450286;1972.54004831815;1838.55138450101;44.327076751533;80.5946850027872;9.06690206281356;103.765656941089;15.1115034380226;11.0817691878832;36.2676082512542;2061.53496871708;114.506659233104;1621.627268785224;114.1658923372354;16.11893700055744;2.01486712506968;41.3047760639284;291.148299572569;252.8658241962447;3.0223006876045204
Carnoux-en-Provence;13119;93;13;Métropole Aix-Marseille-Provence;2495.2990512956;2131.78767781605;363.511373479553;377.513042137943;321.09888055478;62.2745003611404;258.824380193639;56.4141615831631;1298.53483601855;1067.00676862205;940.016162501513;88.8293697615291;8.55832353298371;0.0;29.6029128260269;231.5280673965;122.969316666983;108.558750729517;0.0;1196.76421527705;1064.78090919399;935.695825583781;88.7349508119297;12.1773260147496;15.259079289915;12.9137274936191;131.983306083053;93.8341864997228;36.2192572410583;1.92986234227149;1048.38980774188;78.9177785374862;785.473556131833;183.998473072558;57.1651223825545;14.9321522901414;23.687584059206;18.5453860332071;1051.15865205873;62.1327561275108;789.508315932384;199.517579998832;253.605598992585;13.0009153658728;184.123059528687;56.4816240980248;722.726774448162;1772.57227684744;1673.02900040789;61.6923599610761;32.1573654752673;5.69355100320659;75.149016941189;98.8940017463211;14.7248947921586;60.9169879995287;2130.73668876543;114.87746105097;1875.711988085294;177.56432057345882;20.73564954773331;15.259079289915;42.516640319646;216.8035031667058;144.7780079705753;1.92986234227149
Saint-Zacharie;83120;93;83;Métropole Aix-Marseille-Provence;2590.23987457223;2188.45279081083;401.7870837614;415.333469811609;370.958710525331;67.1231503329567;303.835560192374;44.3747592862783;1331.70897124656;1076.11945057763;953.794920383595;67.2128561392792;10.8161573722366;10.8481194277139;33.4473972548055;255.589520668934;153.939859720476;101.649660948458;0.0;1258.53090332566;1112.3333402332;979.165754252109;91.9521379588939;6.51519619463022;17.3580709451951;17.3421808823697;146.197563092466;110.392789621334;35.8047734711322;0.0;1068.510378253;100.628733917954;812.61276960551;155.268874729532;62.7743635743088;22.6842592315909;32.4809798375249;7.60912450519308;1104.70295123876;81.2952966150629;852.745143627552;170.662510996148;301.653156715485;34.5998488392856;221.487323324517;45.5659845516831;672.490982463927;1917.7488921083;136.417122185806;1749.94484763762;27.0752898231434;4.31163246173096;97.3436113796054;172.46616884457;15.1492365088109;47.5200079568448;2136.4558094013;121.305040481098;1932.960674635704;159.1649940981731;17.33135356686682;28.206190372909;50.7895781371752;264.33264934181;137.4544344195902;0.0
Pertuis;84089;93;84;Métropole Aix-Marseille-Provence;8475.61215442256;7330.15967043112;1145.45248399144;1613.76525965382;1430.58313050268;317.973336878788;1112.60979362389;183.182129151142;4302.44565343449;3583.53851601043;3112.50885026673;273.35001203597;76.7857741485036;10.4579986073373;110.435880951897;718.907137424058;450.035934057574;263.312288940622;5.55891442586089;4173.16650098807;3746.62115442068;3213.78974413015;368.364028859384;19.9519950666834;57.4237171739948;87.091669190468;426.545346567382;298.091139222885;121.543988433122;6.9102189113745;3534.35672610009;354.362694528696;2640.40406876753;539.589962803863;292.572700347049;78.5234163384771;160.469480938346;53.5798030702254;3720.50836342286;396.749001154727;2670.53553890553;653.223823362599;1094.23876807452;177.635460813898;735.857590587206;180.745716673417;3409.62366566949;5065.98848875307;694.52582534779;4275.79370966247;81.5982082826924;14.0707454601166;221.197391104295;501.8933647643;145.470799526432;136.979044021173;6843.30888562942;626.762669376935;6326.29859439688;641.714040895354;96.737769215187;67.8817157813321;197.527550142365;748.127073280459;384.856277373744;12.469133337235391
Alleins;13003;93;13;Métropole Aix-Marseille-Provence;1127.73807477378;915.865138463846;211.872936309934;212.895732023061;182.655742173052;34.2986387738151;148.357103399237;30.2399898500085;620.049603157162;476.733007093811;407.830420968817;31.9359941456572;7.02669178021088;3.02542450010746;26.9144756990188;143.316596063351;73.2325197537457;69.11204502337;0.972031286234946;507.688471616619;439.132131370035;376.970237339011;45.1125664908004;1.99834891780645;12.0247961715804;3.02618245083697;68.5563402465835;44.4244769240181;22.0769330420843;2.05493028048106;471.56816982715;51.9882576777536;341.608732929896;77.971179219501;31.1600515483584;14.8051341208814;13.3015918039717;3.05332562350525;437.159430313623;20.0052283077225;352.875757936853;64.2784440690479;147.411477925126;7.97744037928656;104.786351305335;34.6476862405051;242.432724470894;885.305350302886;775.446671189417;75.9736245055682;30.9146744038596;2.9703802040414;51.0943941491612;33.1871419166537;3.99745578634241;19.616064986164;965.319945884058;54.5230720514009;784.800658307828;77.0485606364576;9.02504069801733;15.05022067168786;29.94065814985577;117.6569966777638;91.18897806545431;3.0269615667160057
Auriol;13007;93;13;Métropole Aix-Marseille-Provence;5656.60000982706;4703.16175033251;953.438259494553;863.888760420566;771.36108252304;176.346234415975;595.014848107066;92.5276778975255;2910.7104227412;2311.71511396149;2035.61117397124;160.888334148582;36.8427906887374;7.27334997325357;71.0994651796737;598.995308779709;323.112761882524;270.650570263364;5.23197663382069;2745.88958708587;2391.44663637102;2132.54036140492;183.85043150297;10.2794940206942;23.9927531381116;40.7835963043307;354.442950714844;268.696012214549;84.7130765746128;1.03386192568244;2288.96708551542;229.72922486853;1688.0245577929;371.213302853995;164.893034134279;55.7178148701663;76.2994323820539;32.8757868820584;2377.31646124425;165.19476679987;1813.88630444254;398.235390001837;588.889061424092;58.979047279916;458.993167617682;70.9168465264943;1148.97629392249;4507.62371590457;4191.52483640636;225.714861278196;90.3840182200149;0.0;162.247271094623;146.905974444241;26.046536404778;175.421944135126;4877.31011154265;268.668172205647;4168.151535376161;344.738765651552;47.122284709431604;31.26610311136517;111.8830614840044;591.808774097073;355.3636468379768;6.26583855950313
Aurons;13008;93;13;Métropole Aix-Marseille-Provence;213.0;175.0;38.0;56.0;46.0;15.0;31.0;10.0;117.0;93.0;72.0;17.0;1.0;0.0;3.0;24.0;14.0;10.0;0.0;96.0;82.0;75.0;4.0;0.0;0.0;3.0;14.0;9.0;5.0;0.0;90.0;6.0;68.0;16.0;13.0;3.0;9.0;1.0;82.0;3.0;61.0;18.0;31.0;3.0;22.0;6.0;28.0;185.0;169.0;8.0;8.0;0.0;11.0;4.0;0.0;5.0;179.0;14.0;147.0;21.0;1.0;0.0;6.0;23.0;15.0;0.0
Belcodène;13013;93;13;Métropole Aix-Marseille-Provence;874.828950115185;733.422551730394;141.406398384791;161.207690711197;143.107526881789;29.2692943978764;113.838232483913;18.100163829408;442.763472463822;361.887386972071;333.600173281581;11.1038768030198;3.00794877774052;3.07448264840124;11.1009054613283;80.8760854917517;48.5485860366267;32.327499455125;0.0;432.065477651362;371.535164758323;337.178001588349;29.2886522673906;3.05771271633489;0.0;2.01079818624835;60.5303128930393;42.2822042700933;17.2509580314539;0.997150591492172;358.829674255736;22.2202052476566;272.445537243493;64.1639317645864;28.2556468031202;7.06443647850123;11.0746931032527;10.1165172213663;369.491099636744;27.2418754060679;279.768005970948;62.4812182597284;113.838232483913;8.99403971192423;92.4780771887883;12.3661155832002;197.569744420581;677.259205694604;633.764298003086;19.2950231530326;21.1421718221506;3.05771271633489;41.5011392561767;18.4160989339058;3.00794877774052;8.09349809930618;755.570431648344;48.2398333997115;670.77817486993;40.3925290704104;6.06566149407541;3.07448264840124;13.111703647576649;90.83079030672;49.5784574865789;0.997150591492172
Bouc-Bel-Air;13015;93;13;Métropole Aix-Marseille-Provence;6321.44466472712;5393.56966106433;927.875003662791;1009.35282064556;866.251462619833;151.692086044922;714.559376574911;143.101358025729;3166.23578633463;2591.15161868307;2282.02301312226;135.220378120267;105.817182054559;6.34018318521679;61.7508622007674;575.084167651562;256.839038027928;317.097799325595;1.14733029803921;3155.20887839248;2802.41804238126;2408.41671755307;284.435470222434;17.255662584128;15.4808644728735;76.8293275487509;352.790836011229;255.523193406037;90.3754363124877;6.8922062927045;2567.34981850083;207.813957570428;1859.20556355678;500.330297373631;138.545924765746;55.6693846925583;67.3735796940532;15.5029603791349;2772.05412041418;200.978135741026;2018.34096068955;552.735023983606;701.818047910772;81.448221975826;445.747642421225;174.622183513721;1348.86191779948;4972.58274692764;4769.81172404332;72.2995471861011;116.700549298956;13.7709263992611;215.397741005088;63.1784648386834;43.3291070418492;109.716338834605;5443.34095858635;446.482054420547;4690.439730675331;419.655848342701;123.072844638687;21.82104765809029;138.5801897495183;512.362231433965;407.4732356380827;8.03953659074371
Châteauneuf-les-Martigues;13026;93;13;Métropole Aix-Marseille-Provence;7410.89479797196;6708.10215464884;702.792643323112;1222.00770506345;1114.23694208855;179.244852629969;934.992089458585;107.770762974897;3775.81237049704;3351.6426780821;3002.96169997759;147.050197499839;126.321881827677;6.75561749016542;68.5532812868284;424.16969241494;242.770275414844;181.399417000097;0.0;3635.08242747492;3356.45947656675;2926.66473426068;268.442012535891;47.6063581839924;65.9858892982853;47.7604822878993;278.622950908172;201.858595959795;67.4225493320229;9.34180561635395;3310.06352876114;265.525279767319;2647.30145257243;397.236796421393;153.936775613496;34.2966291168001;72.365255089765;47.2748914069314;3311.32889702135;227.115007079226;2666.43113959454;417.782750347584;895.579810923394;82.3278982440315;657.345342324977;155.906570354385;1904.16811224115;5506.72668573081;5355.43839453996;59.2653548385812;87.1879558625968;4.83498048967421;153.485715268413;168.876534676026;16.9232305645286;112.550440981254;6745.03810053598;214.020775945749;5929.626434238269;415.49221003573;173.9282400116694;72.74150678845072;116.31376357472769;444.628871374639;248.8219663321199;9.34180561635395
La Ciotat;13028;93;13;Métropole Aix-Marseille-Provence;13389.7114714373;11250.1398244672;2139.57164697007;2212.94384890348;1888.89417271574;495.740052121639;1393.1541205941;324.049676187738;6760.03340217072;5496.96928281329;4731.93623208713;396.232047031404;80.4833664255854;157.75026110354;130.567376165624;1263.06411935744;760.152224238637;495.99858181183;6.91331330696845;6629.67806926654;5753.1705416539;4904.59102830204;636.4617258228;50.6268098364448;107.324833695246;54.1661439973662;876.507527612634;644.194470662622;215.891084806787;16.4219721432253;5366.58490362893;444.118065647032;4080.19933503424;842.267502947656;424.320670465029;129.139781875195;217.895230214312;77.2856583755219;5668.71917234903;344.02593660533;4261.21321084807;1063.48002489562;1348.17537891537;130.903109470179;943.390393980255;273.88187546494;6936.41840510006;6453.2930663372;5176.18501906318;1051.00022489774;205.419853974432;20.687968401844;415.229880721383;913.603749085548;197.065765473877;487.075051964285;10269.2181586696;1107.51886552261;9636.52726038917;1032.6937728542039;131.1101762620302;265.075094798786;184.7335201629902;1404.346694901259;711.889666618617;23.33528545019375
Ensuès-la-Redonne;13033;93;13;Métropole Aix-Marseille-Provence;2503.22100695083;2071.14683017806;432.074176772771;393.825219416497;336.394707798995;71.7227064755559;264.672001323439;57.4305116175017;1330.21894671002;1044.74273145902;945.329637738421;42.4733955893486;17.0740363970417;6.28146434170967;33.5841973925029;285.476215250995;146.925902531505;137.509070980102;1.04124173938801;1173.00206024081;1026.40409871904;895.655856713585;91.3909221115135;6.97371092358643;22.1931312323931;10.190477737958;146.597961521776;107.488641842784;35.064435598763;4.04488408022865;1038.46228086515;103.1562756349;767.826484056302;167.479521173948;69.6402229967799;27.869767625279;31.3230103244034;10.4474450470974;1014.91541193255;64.2209721787567;805.127912203053;145.566527550741;263.630759584051;18.4805689945012;203.812337412068;41.3378531774822;554.196685442908;1949.02432150792;1891.3917310587;20.0776183381927;36.513730371639;1.04124173938801;71.428077383922;53.6868880113095;2.01949326538025;40.4286743430993;2235.87497913457;99.7828948125536;1840.985494452006;133.8643177008621;24.04774732062813;28.47459557410277;43.7746751304609;254.414544374289;172.573506578865;5.08612581961666
Gémenos;13042;93;13;Métropole Aix-Marseille-Provence;2568.0;2009.0;559.0;438.0;365.0;81.0;284.0;73.0;1332.0;961.0;820.0;60.0;27.0;38.0;16.0;371.0;161.0;210.0;0.0;1236.0;1048.0;935.0;89.0;9.0;7.0;8.0;188.0;121.0;64.0;3.0;951.0;79.0;705.0;167.0;76.0;21.0;44.0;11.0;1035.0;45.0;800.0;190.0;277.0;14.0;192.0;71.0;759.0;1809.0;1683.0;76.0;43.0;7.0;73.0;106.0;23.0;83.0;2059.0;224.0;1755.0;149.0;36.0;45.0;24.0;282.0;274.0;3.0
Istres;13047;93;13;Métropole Aix-Marseille-Provence;18079.7540640012;16636.667759061;1443.08630494017;2655.82762576618;2487.85668200743;397.636283531206;2090.22039847623;167.97094375875;9623.49056533415;8879.69936016327;7411.6021507727;993.060561593068;251.116294657828;54.3734104070049;169.546942732667;743.791205170887;457.86963068424;285.921574486647;0.0;8456.26349866702;7756.96839889774;6531.54265414666;931.481340576522;74.3601756176548;97.7482523457087;121.835976211189;699.295099769283;543.950655705469;148.320556151401;7.02388791241313;8788.53790443757;1051.12864588386;6591.44761838415;1145.96164016956;360.400635718907;128.516257450237;150.156292269555;81.7280859991147;7671.81935880346;675.363677986973;5765.42500703804;1231.03067377844;2057.28451163703;271.492245619022;1490.89726620156;294.894999816443;8926.92531581521;9152.82874818596;8829.97699412353;137.534302853664;162.599639787378;22.7178114213883;471.023211880482;845.18262992202;208.178316235057;233.090415570892;15599.633732963;722.645757429737;13943.14480491936;1924.54190216959;325.4764702754828;152.1216627527136;291.382918943856;1001.820286389709;434.242130638048;7.02388791241313
Lamanon;13049;93;13;Métropole Aix-Marseille-Provence;861.0;703.0;158.0;149.0;117.0;19.0;98.0;32.0;437.0;351.0;307.0;23.0;12.0;2.0;7.0;86.0;45.0;40.0;1.0;424.0;352.0;304.0;38.0;2.0;4.0;4.0;72.0;48.0;23.0;1.0;350.0;29.0;267.0;54.0;19.0;5.0;8.0;6.0;347.0;24.0;260.0;63.0;93.0;5.0;67.0;21.0;187.0;674.0;602.0;51.0;21.0;0.0;58.0;32.0;8.0;10.0;730.0;23.0;611.0;61.0;14.0;6.0;11.0;93.0;63.0;2.0
Lambesc;13050;93;13;Métropole Aix-Marseille-Provence;4316.95065844735;3507.84477526516;809.105883182188;849.37398019717;716.287018821293;127.17463121988;589.112387601413;133.086961375877;2152.96901189073;1654.00772739277;1455.45380119748;112.481288238712;32.2772392337173;0.978098158597494;52.8173005642647;498.961284497958;303.341652778459;194.641533560901;0.978098158597494;2163.98164655661;1853.83704787238;1629.80882834915;180.991900544948;8.80288342737745;6.84668711018246;27.3867484407298;310.14459868423;230.918647837833;72.3792637362146;6.84668711018246;1628.57717526924;147.692821948222;1184.47687006157;296.407483259453;116.415551475308;41.0801226610947;51.8392024056672;23.4962264085459;1757.72987340852;121.284171666089;1333.213401975;303.232299767429;498.873802089134;47.9268097712772;351.159109538706;99.7878827791505;1273.20871836344;3043.7419400839;2770.8525538352;152.583312741209;108.568895604322;11.7371779031699;216.181563652252;263.152145867138;38.1458281853023;44.0144171368872;3516.80075290798;238.655950697789;3085.26262954663;293.47318878366;41.080122661094755;7.824785268779954;80.2040490049945;534.2603006162919;267.02079729711556;7.824785268779954
Mallemort;13053;93;13;Métropole Aix-Marseille-Provence;2573.87509281702;2134.04967912202;439.825413695001;439.228536714024;386.903481267557;61.1872962779984;325.716184989559;52.3250554464661;1341.49975318008;1073.42866276105;937.667805272973;71.0653494522674;28.6235435293855;1.97403748478521;34.0979270216376;268.07109041903;157.949122982133;108.147929952112;1.97403748478521;1232.37533963695;1060.62101636097;904.109168031624;114.494174117542;11.8442249087112;4.93509371196301;25.2383555911333;171.754323275971;122.403386156341;48.3639183772375;0.987018742392603;1063.55847533712;108.548464412157;771.424524839941;183.585486085024;56.2522025660354;15.7844341279386;28.6235435293855;11.8442249087112;1054.69890390662;76.5633301955486;797.511143853223;180.624429857846;323.742147504774;27.6365247869929;228.988348235084;67.117274482697;799.51650188664;1774.35859093038;1402.96989890062;282.981136925503;83.4724613922969;4.93509371196301;127.325417768646;116.044079891253;36.5196934685263;18.3292243943851;2187.11036686971;88.5463104245037;1841.776973304597;185.55952356980941;40.4677684380967;6.90913119674822;59.3362826127709;280.352509138474;156.5118483293495;2.961056227177813
Meyrargues;13059;93;13;Métropole Aix-Marseille-Provence;1681.75077804507;1398.08106822038;283.669709824688;304.850206285417;257.637217220861;49.2063285946817;208.430888626179;47.2129890645559;865.841324895434;692.853554823658;591.4375684467;56.4931832827563;17.2769408781822;3.10861232508562;24.5372498909341;172.987770071776;107.598529203418;64.3418425063077;1.04739836205022;815.909453149635;705.227513396723;618.995808081104;66.7771495671013;6.11743392374399;5.13636402772728;8.20075779704607;110.681939752912;88.0071504775493;21.6607339655284;1.01405530983461;686.669556588647;61.3750999991944;531.494001039258;93.8004555501948;46.0978367702673;16.3027914032747;22.5415375671718;7.25350779982081;700.045975841447;55.2739284798011;545.55210403972;99.2199433219263;204.252529598557;21.344151687004;149.83884587811;33.0695320334435;380.024915890435;1301.72586215463;1110.2852570062;151.527126850277;35.8242729236314;4.08920537452649;62.8210702992898;51.401612278376;2.05021925130605;15.3764642938983;1425.97026768133;124.131144240872;1210.4333765278038;123.2703328498576;23.39437480192619;8.2449763528129;32.73800768798017;195.60567968096728;86.00257647183611;2.0614536718848298
Miramas;13063;93;13;Métropole Aix-Marseille-Provence;9498.75038266436;8784.25202604285;714.498356621506;1529.12846963071;1391.54379339559;306.552676202422;1084.99111719317;137.584676235119;5272.5035445376;4868.63063729879;3999.0501609353;457.40415388806;307.90840140622;20.760120177257;83.5078008919503;403.872907238813;241.768764640689;150.049657973466;12.0544846246578;4226.24683812676;3915.62138874407;3143.9893950335;555.557727268425;80.1578635755468;56.0145884557386;79.9018144108589;310.625449382693;232.63070022574;74.8362922919911;3.15845686496148;4817.41806620046;443.68032576557;3751.44038173994;622.297358694954;295.720948720734;77.4814370473997;155.467437876297;62.7720737970373;3886.84279282698;388.712637007744;2941.06605034717;557.064105472071;1070.53126565921;162.114103687885;759.777083108747;148.64007886258;3713.1876564951;5785.56272616926;5446.74823691439;132.552972037994;182.080095543033;24.181421673835;199.2437477813;493.10969337149;122.221544146467;92.2944046253081;7914.94576794457;676.935224795226;7143.0395559688;1012.961881156485;388.0662649817668;76.7747086329956;163.4096153028092;474.39946486642896;224.8859502654571;15.21294148961928
Peynier;13072;93;13;Métropole Aix-Marseille-Provence;1545.32115420648;1250.15533071014;295.165823496346;211.583848604085;164.357316844669;37.8482293423271;126.509087502342;47.2265317594154;804.089376053963;629.941540191119;587.840547123852;27.3427018924489;1.96777215664231;3.93554431328462;8.85497470489039;174.147835862844;99.3724939104366;74.7753419524077;0.0;741.23177815252;620.213790519018;558.228967584785;46.2426456810942;4.91943039160577;0.983886078321154;9.83886078321154;121.017987633502;96.4208356754731;24.5971519580288;0.0;621.086565486228;47.8931984260821;475.010867528574;98.182499531572;32.9287989507214;16.4088439198051;10.8227468615327;5.69720816938355;617.262132284055;27.5488101929923;495.672475173318;94.040846917744;124.5413153457;11.8066329398538;91.295296983324;21.439385422522;258.715383174068;1286.60577103241;1219.70151770658;38.371557054525;25.58103803635;2.95165823496346;55.0509649615889;49.1943039160577;5.90331646992692;20.6616076447442;1355.4777965149;59.0331646992692;1146.0695147086371;73.5853475735431;6.88720254824808;4.919430391605774;18.693835488101932;195.7933295859097;99.3724939104365;0.0
Port-de-Bouc;13077;93;13;Métropole Aix-Marseille-Provence;5376.34307500678;4875.01345870599;501.329616300786;1017.8666383358;950.885589913239;169.654540332769;781.23104958047;66.9810484225593;2862.58592813426;2566.79507187299;2058.48771496447;194.190464995197;166.972155186643;30.6750775324082;116.469659194264;295.79085626127;163.153858430792;128.750392021676;3.88660580880155;2513.75714687252;2308.21838683301;1854.42295700079;357.062995307973;30.160945165633;38.0456824147915;28.5258069438202;205.538760039516;154.278551317423;50.2234404057312;1.03676831636253;2536.90217409242;297.737526591873;1852.84420441702;386.320443083525;162.364867951982;59.8164000614454;60.1649498386267;42.3835180519103;2258.4328167682;227.68800922185;1619.49925250248;411.245555043878;770.025119605328;118.354354704923;484.491304604656;167.179460295748;1546.5195997685;3829.82347523828;3689.92025408869;24.8813546393225;105.517791229398;9.50407528086169;112.062775684178;244.804519612869;23.4746479506217;38.3658212405201;4732.34308102823;225.292229490364;3912.91067196526;551.25346030317;197.133100352276;68.7207599471997;144.9954661380842;317.43240974821504;178.9738324274072;4.92337412516408
Le Puy-Sainte-Réparade;13080;93;13;Métropole Aix-Marseille-Provence;2297.77227966072;1872.75486196296;425.017417697766;383.0474551128;325.87791732752;69.285369680848;256.592547646672;57.1695377852794;1204.39583189182;921.269537604872;790.399995774016;42.8455574285907;14.2822637273278;46.2762841670796;27.4654365078581;283.126294286947;161.093428957279;121.029256349799;1.00360897986941;1093.3764477689;951.485324358086;816.244137053729;85.7073269528568;8.14891763176043;23.1142579670176;18.270684752722;141.891123410819;98.9773283857294;41.8757412593267;1.0380537657627;909.95537205198;70.0638072771646;704.768048656359;135.123516118457;65.1766837118793;17.2458836163687;38.7804501552159;9.15034994029473;948.388604001964;63.1451414468737;721.82961615665;163.41384639844;254.533881056313;27.5002439056633;185.966806676625;41.0668304740248;773.199437197366;1524.57284246336;1287.01618886521;201.839615850443;33.6842401491948;2.03279759850957;151.12855677027;103.961725761359;10.181426482326;18.304547160502;1909.03469032338;105.161333162891;1606.6441328277451;128.5528843814475;22.431181359088228;69.3905421340972;45.736121260580106;260.0707573430084;162.9049976091257;2.04166274563211
Rognac;13081;93;13;Métropole Aix-Marseille-Provence;5126.12066827073;4601.82982349996;524.290844770769;762.271523386418;673.696160635393;111.830991224173;561.86516941122;88.5753627510245;2648.07994999959;2301.4350177714;2038.44558949305;133.385802883429;78.3026999103069;9.65401892813769;41.6469065564776;346.644932228191;136.656226203477;204.074702078128;5.91400394658674;2478.04071827114;2300.39480572856;2011.40747434214;220.814947890508;26.384023939819;10.8149019735284;30.9734575825689;177.645912542579;137.575990142855;40.0699223997232;0.0;2278.20384903193;228.140683772668;1702.71222768979;347.350937569473;106.43386533921;44.6976730495651;44.4862899754612;17.2499023141838;2273.62791553519;160.272471016397;1824.27525277245;289.080191746347;547.420981087204;74.1527428341729;379.823250000877;93.4449882521541;1050.71574585011;4075.40492242062;3951.79152197499;38.7237039038827;79.0132906462932;5.87640589545279;87.3225829139071;146.043242222987;25.9552026824496;81.3958212059722;4515.73209964094;269.671719604475;4049.85306383519;354.200750773937;104.6867238501259;20.46892090166609;72.6203641390465;274.232216346332;244.1446244778512;5.91400394658674
Rognes;13082;93;13;Métropole Aix-Marseille-Provence;1821.0;1377.0;444.0;354.0;277.0;58.0;219.0;77.0;937.0;665.0;590.0;37.0;12.0;10.0;16.0;272.0;154.0;116.0;2.0;884.0;712.0;627.0;61.0;5.0;5.0;14.0;172.0;119.0;47.0;6.0;658.0;55.0;477.0;126.0;54.0;11.0;28.0;15.0;705.0;33.0;530.0;142.0;213.0;9.0;154.0;50.0;462.0;1359.0;1184.0;95.0;73.0;7.0;95.0;41.0;4.0;23.0;1573.0;85.0;1217.0;98.0;17.0;15.0;30.0;273.0;163.0;8.0
Roquefort-la-Bédoule;13085;93;13;Métropole Aix-Marseille-Provence;2370.58457286729;1980.61064462363;389.973928243657;364.836732975938;312.279575249263;58.6844622529743;253.595112996289;52.5571577266752;1220.98197950493;974.63809402851;884.75529571258;54.3620902903099;9.4087695647291;6.30479475832401;19.8071437025674;246.343885476418;133.247919336457;109.931781718796;3.16418442116499;1149.60259336236;1005.97255059512;904.266055659533;78.6511135205265;2.08139376677856;9.47570222177604;11.4982854265053;143.630042767239;108.001370107123;35.628672660116;0.0;967.260568948632;76.359656885445;737.146446917416;153.754465145771;52.3644850982036;14.5449840567724;30.4588941242401;7.36060691719109;999.618735478079;58.6502123369565;785.700961571924;155.267561569199;250.422469220964;19.8829384787981;183.05070642242;47.4888243197461;560.10389524716;1810.48067762013;1697.42741805693;88.0088627718509;20.856299403179;4.18809738816874;63.9643504542836;77.5777290246357;6.27808584667216;81.7571007180494;2045.70510922028;95.3021976033658;1789.021351372113;133.0132038108364;11.49016333150766;15.78049698010005;31.3054291290727;241.24928944357998;145.560454378912;3.16418442116499
Rousset;13087;93;13;Métropole Aix-Marseille-Provence;2218.18349641436;1921.10813999653;297.075356417831;330.824205178393;287.111697587254;57.6210327337742;229.49066485348;43.7125075911391;1082.25643168838;917.338158129838;798.766300123099;41.7255754279055;37.7517111014383;0.0;39.0945714773948;164.918273558538;91.3988795087453;72.5259279681757;0.993466081616797;1135.92706472598;1003.76998186669;901.090655042097;71.5295578764094;12.9150590610184;0.993466081616797;17.24124380555;132.157082859293;85.4380830190445;42.7451355137813;3.97386432646719;911.377361640137;89.2079461607321;698.979621358922;123.189794120483;54.6406344889238;11.9215929794016;33.7778467749711;8.94119473455117;994.828787132141;53.0060227437547;785.86428806421;155.958476324176;221.542936200546;13.9085251426352;162.928437385155;44.7059736727559;800.971565913227;1417.21193050113;1310.61465599064;61.246365908181;43.3639764390786;1.98693216323359;76.4968882844934;131.519809209273;18.8758555507191;27.8170502852703;1872.66131974336;90.812573341243;1699.8569551651958;113.2551333043149;50.6667701624567;0.993466081616797;56.3358152829448;176.8369625277898;115.27106348195699;4.967330408083987
Saint-Cannat;13091;93;13;Métropole Aix-Marseille-Provence;2415.0;1981.0;434.0;391.0;311.0;46.0;265.0;80.0;1215.0;937.0;852.0;42.0;16.0;0.0;27.0;278.0;148.0;130.0;0.0;1200.0;1044.0;934.0;91.0;4.0;5.0;10.0;156.0;110.0;46.0;0.0;924.0;78.0;671.0;175.0;44.0;16.0;18.0;10.0;1032.0;55.0;807.0;170.0;257.0;29.0;189.0;39.0;520.0;1895.0;1753.0;71.0;67.0;4.0;100.0;90.0;13.0;38.0;2056.0;118.0;1786.0;133.0;20.0;5.0;37.0;258.0;176.0;0.0
Saint-Victoret;13102;93;13;Métropole Aix-Marseille-Provence;2656.4164832305;2326.0678876267;330.348595603803;430.425293020756;389.32920748638;80.1337060152495;309.19550147113;41.0960855343759;1388.47861962176;1172.35152160256;1023.27705675916;66.0701799079537;38.9970911262376;6.99567272284709;37.0115210863674;216.127098019198;103.070212428518;113.05688559068;0.0;1267.93786360874;1153.71636602413;990.668051138691;88.0234768339251;15.0030045675982;28.0302071403714;31.9916263435492;114.221497584605;87.1885994426887;25.0286904560479;2.00420768586842;1161.29706761783;142.024117050728;839.511489868267;179.76146069883;75.1205299936206;31.0127495073745;37.0834755828297;7.02430490341639;1146.66338316589;112.074307991516;863.910145698494;170.678929475881;306.170067698817;33.9861082108745;224.010931359764;48.1730281281785;622.737196776019;2033.67928645448;1981.61738003594;19.0256798128516;32.0293507506591;1.00687585503624;79.1044164325125;52.1289426984113;11.0279597337336;43.0957807067737;2361.88838916111;109.170994497965;2013.945107897851;154.09365674187882;54.0000956938358;35.02587986321849;69.0031474299166;190.25881187120672;138.0855760467279;2.00420768586842
Salon-de-Provence;13103;93;13;Métropole Aix-Marseille-Provence;18044.8957377794;16171.7318407721;1873.1638970073;3299.78574278004;2979.78147005529;672.475235718138;2307.30623433715;320.004272724744;9514.84701329421;8480.84120196615;7060.61158574138;799.836840834611;321.169879739255;66.4562906006581;232.766605050246;1034.00581132806;503.894575574255;523.161584503524;6.94965125028308;8530.04872448517;7690.89063880592;6277.80587315559;982.998428308838;105.930062078107;125.165028296727;198.991246966665;839.158085679243;550.045799301957;276.705587468683;12.4066989086029;8387.90456406374;1005.68018318883;6170.14615786638;1212.07822300853;634.296256166243;144.538963631245;343.093133227788;146.66415930721;7590.93693890338;682.461246039676;5607.97071020112;1300.50498266258;2258.52765894577;232.47631869079;1555.25922294117;470.792117313808;9170.66018481287;8874.2355529665;7998.78417353135;476.537796243575;360.947142195133;37.9664409964449;651.494415100108;1635.1837229885;299.769599940091;301.572311072772;14009.777163322;1147.09852535588;13338.417458896969;1782.835269143449;427.09994181736204;191.6213188973851;431.757852016911;1053.940374876212;799.867171972207;19.35635015888598
Sausset-les-Pins;13104;93;13;Métropole Aix-Marseille-Provence;2913.07616688985;2432.79396565279;480.282201237064;423.342309290569;358.988401451253;72.6675351899547;286.320866261298;64.3539078393158;1501.89327032965;1211.76083875208;1079.28533054275;64.8652689569095;32.8831062325932;7.12607064149419;27.6010623783268;290.132431577576;125.095545057884;162.993118177958;2.04376834173387;1411.1828965602;1221.03312690071;1083.38162807616;96.0338572605607;6.9807301854714;11.0915861875595;23.5453251909531;190.149769659488;116.386743203369;72.7415725500318;1.02145390608684;1200.55320589985;81.0731045259292;904.675335920968;214.80476545295;65.546578491631;15.7387761787831;36.5271804745986;13.2806218382493;1199.31100377873;71.3493454461111;927.850599062988;200.111059269627;276.015223149337;23.5437715622571;203.39616724027;49.0752843468101;710.941723505587;2202.13444338427;2097.86724735549;26.5739442829776;65.805736562087;11.8875151837143;93.6478537540047;83.8235125217179;11.9434726477642;48.531570572159;2524.71989582244;150.409861571763;2162.66695861891;160.8991262174702;39.8638364180646;18.217656829053688;51.1463875692799;241.482288261253;235.7346907279898;3.06522224782071
Septèmes-les-Vallons;13106;93;13;Métropole Aix-Marseille-Provence;4305.23728375549;3850.07413935444;455.163144401049;635.084689428848;597.764638231075;139.093334084239;458.671304146836;37.3200511977724;2231.89166271136;1948.16272284417;1720.93929490175;119.462105564601;59.8784433636939;15.0888236373519;32.7940553767694;283.728939867196;151.022679067198;132.706260799998;0.0;2073.34562104412;1901.91141651027;1680.39290227957;125.634419352902;14.260126970933;24.6825918207189;56.9413760861498;171.434204533853;113.775746735206;57.6584577986467;0.0;1907.96502800594;162.099522818708;1489.75364775249;256.11185743475;132.930231080225;28.8072443876534;63.6504789679524;40.4725077246192;1887.05052911112;181.724116006017;1388.99152700641;316.334886098691;450.603850791989;77.6347609835504;343.819021587112;29.1500682213269;711.657123527478;3593.58016022801;3503.92382950674;44.4578063578979;44.0224800443853;1.17604431898829;82.0982775276469;47.7903404332179;6.14046012771009;85.5997588396503;3745.07252831682;338.53591851044;3401.33219718132;245.09652491750302;74.13857033462689;39.771415458070805;89.7354314629192;264.798425802404;190.3647185986447;0.0
Simiane-Collongue;13107;93;13;Métropole Aix-Marseille-Provence;2406.98943716994;2038.88907986711;368.100357302835;353.556309051328;298.561934227115;67.4172109545099;231.144723272605;54.9943748242132;1198.100148963;979.475764867665;868.718918299541;53.9337687636079;27.9299873954398;2.88930904090756;26.0037813681681;218.624384095339;115.572361636303;103.052022459036;0.0;1208.88928820694;1059.41331499944;963.103013635855;66.454107940874;5.77861808181513;1.92620602727171;22.1513693136247;149.475973207496;115.767367730241;29.8561934227115;3.85241205454342;968.88163171767;90.5316832817704;721.364157213255;156.985791222644;65.4910049272381;27.9299873954398;25.0406783545322;12.5203391772661;1043.04056376763;62.6016958863306;783.965853099586;196.473014781714;223.439899163518;26.0037813681681;155.059585195373;42.3765325999776;344.022781961939;2062.966655208;1979.17669302168;38.5241205454342;40.4503265727059;4.81551506817928;78.2063501984431;50.0813567090645;8.66792712272269;43.3396356136135;2062.966655208;163.727512318095;1831.821931935396;120.3878767044819;33.70860547725493;4.81551506817927;48.1551506817928;231.33972936654402;132.90821588174748;3.85241205454342
Trets;13110;93;13;Métropole Aix-Marseille-Provence;4504.12115054124;3893.07907259911;611.042077942125;767.428242337063;664.249991206759;168.08133533488;496.168655871879;103.178251130304;2348.42674356049;1963.72012345972;1742.05291003988;107.861655474636;42.4121978049315;5.51212544410817;65.8812346961618;384.70662010077;213.546787618481;167.90958718505;3.25024529723995;2155.69440698074;1929.35894913939;1662.05526907173;194.016915737827;15.4482603887324;19.2762508997819;38.5622530413172;226.335457841354;162.244900700125;61.3322579553407;2.758299185889;1944.64088429023;193.641995569428;1445.57551806691;305.423370653886;157.217816133115;53.1396574520757;77.1679143408258;26.9102443402135;1923.07488081217;175.796428446313;1436.95767602063;310.320776345225;492.525683399624;46.1266852966688;362.940269967064;83.4587281358907;1187.16138140434;3316.95976913689;3009.08629368349;219.699862086944;71.2209258028596;16.9526875636014;153.453769211957;200.467595024381;31.6414234401944;50.5754905745323;3821.76953614697;246.213336143203;3404.1081791116103;301.878571212463;57.8604581936639;24.78837634389007;104.44348773747899;375.791688318606;229.2418451403907;6.00854448312895
Venelles;13113;93;13;Métropole Aix-Marseille-Provence;3665.68742093014;3031.81752778167;633.869893148466;690.046966587319;577.337672273312;121.828667613843;455.509004659469;112.709294314007;1866.55893002877;1475.03706579951;1314.10082264286;95.6381673144268;27.2859879479509;5.06755457483362;32.9445333194364;391.521864229265;226.914336476423;163.592002478331;1.01552527450993;1799.12849090137;1556.78046198216;1359.47832643932;149.073176516216;4.04142127821999;21.1193356882474;23.0682020601627;242.348028919202;162.885096532441;72.4472625604291;7.01566982633135;1466.92304176617;135.42445018138;1086.79346688454;244.705124700251;116.74043321919;35.0688048159555;62.4488658097446;19.2227625934895;1538.42728821046;91.548480590528;1192.35752168296;254.52128593698;441.207646358228;41.0808174972213;330.209344084806;69.9174847762007;1010.30699855481;2655.38042237533;2372.9591154254;189.010593113059;78.3847414595642;15.0259723773051;120.499635538493;133.185051792644;21.2132024685611;80.4253297815465;3033.571206971;276.792994377892;2673.5791490821803;244.7113438306428;31.32740922617089;26.18689026308102;56.01273537959911;389.79943300886396;236.0392650387601;8.03119510084128
Vitrolles;13117;93;13;Métropole Aix-Marseille-Provence;12740.4618058953;11673.331556608;1067.13024928727;2234.40479799449;2090.06189811552;480.104232285178;1609.95766583034;144.342899878968;6518.70225395946;5889.13938084013;5189.5370879988;268.578551471386;206.167267669318;30.4942544946765;194.362219205949;629.562873119333;339.662347221552;279.167545538028;10.732980359752;6221.75955193584;5784.1921757679;5063.98963649161;512.971764692988;65.8270874488165;60.789313450204;80.6143736842847;437.567376167936;303.541457847322;111.828457119204;22.1974612014101;5835.5165912685;578.481110427979;4473.95464713328;783.080833707241;458.947782057532;149.29882834706;262.083605109505;47.5653486009663;5749.17375409684;485.999499874555;4274.87759923512;988.29665498716;1591.04307264016;269.998170154732;1045.31604054023;275.728861945202;4640.89946128827;8099.56234460702;7847.88693682006;103.187218186888;141.158834432902;7.32935516717396;261.298356955493;425.121757847665;73.9401068751883;177.471015996537;10907.4638025388;895.166765681636;10253.52672449041;781.550316164374;271.9943551181345;91.2835679448805;274.9765928902337;643.2038050688741;390.996002657232;32.9304415611621
